laptop_ID,Company,Product,TypeName,Inches,screenresolution_height,screenresolution_width,touchscreen,Cpu_name,cpu_brand,Cpu_speed,Ram,primary_memory,secondary_memory,memory_type,gpu_name,gpu_brand,OpSys,Weight,Price_euros
1,Apple,"MacBook Pro",Ultrabook,13.3,2560,1600,0,"  Core i5  ",Intel,2.3,8,"128 ",0,SSD,Intel,"Graphics 640",macos,1,1340
2,Apple,"Macbook Air",Ultrabook,13.3,1440,900,0,"  Core i5  ",Intel,1.8,8,"128 ",0,"flash storage",Intel,"Graphics 6000",macos,1,899
3,HP,"250 G6",Notebook,15.6,1920,1080,0,"  Core i5 7200U  ",Intel,2.5,8,"256 ",0,SSD,Intel,"Graphics 620",N/A,2,575
4,Apple,"MacBook Pro",Ultrabook,15.4,2880,1800,0,"  Core i7  ",Intel,2.7,16,"512 ",0,SSD,AMD,"Pro 455",macos,2,2537
5,Apple,"MacBook Pro",Ultrabook,13.3,2560,1600,0,"  Core i5  ",Intel,3.1,8,"256 ",0,SSD,Intel,"Graphics 650",macos,1,1804
6,Acer,"Aspire 3",Notebook,15.6,1366,768,0,"  A9-Series 9420  ",AMD,3,4,"500 ",0,HDD,AMD,"Radeon R5",windows,2,400
7,Apple,"MacBook Pro",Ultrabook,15.4,2880,1800,0,"  Core i7  ",Intel,2.2,16,"256 ",0,"flash storage",Intel,"Pro Graphics",macos,2,2140
8,Apple,"Macbook Air",Ultrabook,13.3,1440,900,0,"  Core i5  ",Intel,1.8,8,"256 ",0,"flash storage",Intel,"Graphics 6000",macos,1,1159
9,Asus,"ZenBook UX430UN",Ultrabook,14,1920,1080,0,"  Core i7 8550U  ",Intel,1.8,16,"512 ",0,SSD,Nvidia,"GeForce MX150",windows,1,1495
10,Acer,"Swift 3",Ultrabook,14,1920,1080,0,"  Core i5 8250U  ",Intel,1.6,8,"256 ",0,SSD,Intel,"Graphics 620",windows,2,770
11,HP,"250 G6",Notebook,15.6,1366,768,0,"  Core i5 7200U  ",Intel,2.5,4,"500 ",0,HDD,Intel,"Graphics 620",N/A,2,394
12,HP,"250 G6",Notebook,15.6,1920,1080,0,"  Core i3 6006U  ",Intel,2,4,"500 ",0,HDD,Intel,"Graphics 520",N/A,2,345
13,Apple,"MacBook Pro",Ultrabook,15.4,2880,1800,0,"  Core i7  ",Intel,2.8,16,"256 ",0,SSD,AMD,"Pro 555",macos,2,2440
14,Dell,"Inspiron 3567",Notebook,15.6,1920,1080,0,"  Core i3 6006U  ",Intel,2,4,"256 ",0,SSD,AMD,"R5 M430",windows,2,499
15,Apple,"MacBook 12""",Ultrabook,12,2304,1440,0,"  Core M m3  ",Intel,1.2,8,"256 ",0,SSD,Intel,"Graphics 615",macos,1,1262
16,Apple,"MacBook Pro",Ultrabook,13.3,2560,1600,0,"  Core i5  ",Intel,2.3,8,"256 ",0,SSD,Intel,"Graphics 640",macos,1,1519
17,Dell,"Inspiron 3567",Notebook,15.6,1920,1080,0,"  Core i7 7500U  ",Intel,2.7,8,"256 ",0,SSD,AMD,"R5 M430",windows,2,745
18,Apple,"MacBook Pro",Ultrabook,15.4,2880,1800,0,"  Core i7  ",Intel,2.9,16,"512 ",0,SSD,AMD,"Pro 560",macos,2,2858
19,Lenovo,"IdeaPad 320-15IKB",Notebook,15.6,1920,1080,0,"  Core i3 7100U  ",Intel,2.4,8,1024,0,HDD,Nvidia,"GeForce 940MX",N/A,2,499
20,Dell,"XPS 13",Ultrabook,13.3,1920,1080,1,"  Core i5 8250U  ",Intel,1.6,8,"128 ",0,SSD,Intel,"Graphics 620",windows,1,979
21,Asus,"Vivobook E200HA",Netbook,11.6,1366,768,0,"  Atom x5-Z8350  ",Intel,1.44,2,"32 ",0,"flash storage",Intel,"Graphics 400",windows,1,192
22,Lenovo,"Legion Y520-15IKBN",Gaming,15.6,1920,1080,0,"  Core i5 7300HQ  ",Intel,2.5,8,"128 ",1024,hybrid,Nvidia,"GTX 1050",windows,2,999
23,HP,"255 G6",Notebook,15.6,1366,768,0,"  E-Series E2-9000e  ",AMD,1.5,4,"500 ",0,HDD,AMD,"Radeon R2",N/A,2,258
24,Dell,"Inspiron 5379","2 in 1 Convertible",13.3,1920,1080,1,"  Core i5 8250U  ",Intel,1.6,8,"256 ",0,SSD,Intel,"Graphics 620",windows,2,819
25,HP,"15-BS101nv (i7-8550U/8GB/256GB/FHD/W10)",Ultrabook,15.6,1920,1080,0,"  Core i7 8550U  ",Intel,1.8,8,"256 ",0,SSD,Intel,"Graphics 620",windows,2,659
26,Dell,"Inspiron 3567",Notebook,15.6,1366,768,0,"  Core i3 6006U  ",Intel,2,4,1024,0,HDD,Intel,"Graphics 520",windows,2,419
27,Apple,"MacBook Air",Ultrabook,13.3,1440,900,0,"  Core i5  ",Intel,1.6,8,"128 ",0,"flash storage",Intel,"Graphics 6000",macos,1,1099
28,Dell,"Inspiron 5570",Notebook,15.6,1920,1080,0,"  Core i5 8250U  ",Intel,1.6,8,"256 ",0,SSD,AMD,"Radeon 530",windows,2,800
29,Dell,"Latitude 5590",Ultrabook,15.6,1920,1080,0,"  Core i7 8650U  ",Intel,1.9,8,"256 ",0,SSD,Intel,"Graphics 620",windows,2,1298
30,HP,"ProBook 470",Notebook,17.3,1920,1080,0,"  Core i5 8250U  ",Intel,1.6,8,1024,0,HDD,Nvidia,"GeForce 930MX",windows,2,896
31,Chuwi,"LapBook 15.6""",Notebook,15.6,1920,1080,0,"  Atom x5-Z8300  ",Intel,1.44,4,"64 ",0,"flash storage",Intel,"HD Graphics",windows,2,245
32,Asus,"E402WA-GA010T (E2-6110/2GB/32GB/W10)",Notebook,14,1366,768,0,"  E-Series E2-6110  ",AMD,1.5,2,"32 ",0,"flash storage",AMD,"Radeon R2",windows,2,199
33,HP,"17-ak001nv (A6-9220/4GB/500GB/Radeon",Notebook,17.3,1920,1080,0,"  A6-Series 9220  ",AMD,2.5,4,"500 ",0,HDD,AMD,"Radeon 530",windows,3,439
34,Dell,"XPS 13",Ultrabook,13.3,3200,1800,1,"  Core i7 8550U  ",Intel,1.8,16,"512 ",0,SSD,Intel,"Graphics 620",windows,1,1869
35,Apple,"MacBook Air",Ultrabook,13.3,1440,900,0,"  Core i5  ",Intel,1.6,8,"256 ",0,"flash storage",Intel,"Graphics 6000",macos,1,998
36,Lenovo,"IdeaPad 120S-14IAP",Notebook,14,1366,768,0,"  Celeron Dual Core N3350  ",Intel,1.1,4,"64 ",0,"flash storage",Intel,"Graphics 500",windows,1,249
37,Acer,"Aspire 3",Notebook,15.6,1366,768,0,"  Core i3 7130U  ",Intel,2.7,4,1024,0,HDD,Intel,"Graphics 620",linux,2,367
38,Dell,"Inspiron 5770",Notebook,17.3,1920,1080,0,"  Core i5 8250U  ",Intel,1.6,8,"128 ",1024,hybrid,AMD,"Radeon 530",windows,3,979
39,HP,"250 G6",Notebook,15.6,1366,768,0,"  Core i5 7200U  ",Intel,2.5,4,1024,0,HDD,Intel,"Graphics 620",windows,2,489
40,HP,"ProBook 450",Notebook,15.6,1920,1080,0,"  Core i5 8250U  ",Intel,1.6,8,"256 ",0,SSD,Nvidia,"930MX ",windows,2,879
41,Asus,"X540UA-DM186 (i3-6006U/4GB/1TB/FHD/Linux)",Notebook,15.6,1920,1080,0,"  Core i3 6006U  ",Intel,2,4,1024,0,HDD,Intel,"Graphics 620",linux,2,389
42,Dell,"Inspiron 7577",Gaming,15.6,1920,1080,0,"  Core i7 7700HQ  ",Intel,2.8,16,"256 ",1024,hybrid,Nvidia,"GTX 1060",windows,3,1499
43,Asus,"X542UQ-GO005 (i5-7200U/8GB/1TB/GeForce",Notebook,15.6,1366,768,0,"  Core i5 7200U  ",Intel,2.5,8,1024,0,HDD,Nvidia,"GeForce 940MX",linux,2,523
44,Acer,"Aspire A515-51G",Notebook,15.6,1920,1080,0,"  Core i5 8250U  ",Intel,1.6,4,"256 ",0,SSD,Intel,"Graphics 620",windows,2,682
45,Dell,"Inspiron 7773","2 in 1 Convertible",17.3,1920,1080,1,"  Core i5 8250U  ",Intel,1.6,12,1024,0,HDD,Nvidia,"GeForce 150MX",windows,3,999
46,Apple,"MacBook Pro",Ultrabook,13.3,2560,1600,0,"  Core i5  ",Intel,2,8,"256 ",0,SSD,Intel,"Graphics 540",macos,1,1419
47,Lenovo,"IdeaPad 320-15ISK",Notebook,15.6,1366,768,0,"  Core i3 6006U  ",Intel,2,4,"128 ",0,SSD,Intel,"Graphics 520",N/A,2,369
48,Asus,"Rog Strix",Gaming,17.3,1920,1080,0,"  Ryzen 1700  ",AMD,3,8,"256 ",1024,hybrid,AMD,"RX 580",windows,3,1299
49,Dell,"Inspiron 3567",Notebook,15.6,1920,1080,0,"  Core i5 7200U  ",Intel,2.5,4,"256 ",0,SSD,AMD,"R5 M430",windows,2,639
50,Asus,"X751NV-TY001T (N4200/4GB/1TB/GeForce",Notebook,17.3,1366,768,0,"  Pentium Quad Core N4200  ",Intel,1.1,4,1024,0,HDD,Nvidia,"GeForce 920MX",windows,3,466
51,Lenovo,"Yoga Book","2 in 1 Convertible",10.1,1920,1200,1,"  Atom x5-Z8550  ",Intel,1.44,4,"64 ",0,"flash storage",Intel,"Graphics 400",others,1,319
52,Acer,"Aspire A515-51G",Notebook,15.6,1920,1080,0,"  Core i7 8550U  ",Intel,1.8,8,"256 ",0,SSD,Nvidia,"GeForce MX150",windows,2,841
53,HP,"255 G6",Notebook,15.6,1920,1080,0,"  A6-Series 9220  ",AMD,2.5,4,"256 ",0,SSD,AMD,"R4 Graphics",windows,2,398
54,HP,"ProBook 430",Notebook,13.3,1920,1080,0,"  Core i7 8550U  ",Intel,1.8,8,"512 ",0,SSD,Intel,"Graphics 620",windows,1,1103
55,Acer,"Aspire 3",Notebook,15.6,1366,768,0,"  Core i3 7100U  ",Intel,2.4,4,1024,0,HDD,Intel,"Graphics 620",windows,2,384
56,Dell,"Inspiron 3576",Notebook,15.6,1920,1080,0,"  Core i7 8550U  ",Intel,1.8,8,"256 ",0,SSD,AMD,"Radeon 520",windows,2,768
57,HP,"15-bs002nv (i3-6006U/4GB/128GB/FHD/W10)",Notebook,15.6,1920,1080,0,"  Core i3 6006U  ",Intel,2,4,"128 ",0,SSD,Intel,"Graphics 520",windows,2,439
58,Asus,"VivoBook Max",Notebook,15.6,1366,768,0,"  Core i5 7200U  ",Intel,2.5,4,"256 ",0,SSD,Intel,"Graphics 620",windows,2,586
59,MSI,"GS73VR 7RG",Gaming,17.3,1920,1080,0,"  Core i7 7700HQ  ",Intel,2.8,16,"256 ",2048,hybrid,Nvidia,"GTX 1070",windows,2,2449
60,Asus,"X541UA-DM1897 (i3-6006U/4GB/256GB/FHD/Linux)",Notebook,15.6,1920,1080,0,"  Core i3 6006U  ",Intel,2,4,"256 ",0,SSD,Intel,"Graphics 520",linux,2,415
61,Dell,"Inspiron 5770",Notebook,17.3,1920,1080,0,"  Core i7 8550U  ",Intel,1.8,16,"256 ",2048,hybrid,AMD,"Radeon 530",windows,3,1299
62,Dell,"Vostro 5471",Ultrabook,14,1920,1080,0,"  Core i5 8250U  ",Intel,1.6,8,"256 ",0,SSD,Intel,"Graphics 620",windows,2,879
63,Lenovo,"IdeaPad 520S-14IKB",Notebook,14,1920,1080,0,"  Core i3 7130U  ",Intel,2.7,8,"256 ",0,SSD,Intel,"Graphics 620",N/A,2,599
64,Asus,"UX410UA-GV350T (i5-8250U/8GB/256GB/FHD/W10)",Notebook,14,1920,1080,0,"  Core i5 8250U  ",Intel,1.6,8,"256 ",0,SSD,Intel,"Graphics 620",windows,1,941
66,HP,"250 G6",Notebook,15.6,1920,1080,0,"  Core i5 7200U  ",Intel,2.5,8,"256 ",0,SSD,Intel,"Graphics 620",windows,2,690
67,Asus,"ZenBook Pro",Ultrabook,15.6,1920,1080,0,"  Core i7 7700HQ  ",Intel,2.8,16,"512 ",0,SSD,Nvidia,"1050 Ti",windows,2,1983
68,HP,"250 G6",Notebook,15.6,1366,768,0,"  Core i3 6006U  ",Intel,2,4,"500 ",0,HDD,AMD,"Radeon 520",windows,2,439
69,HP,"Stream 14-AX040wm",Notebook,14,1366,768,0,"  Celeron Dual Core N3060  ",Intel,1.6,4,"32 ",0,SSD,Intel,"Graphics 400",windows,1,229
70,Lenovo,"V310-15ISK (i5-7200U/4GB/1TB/FHD/W10)",Notebook,15.6,1920,1080,0,"  Core i5 7200U  ",Intel,2.5,4,1024,0,HDD,Intel,"Graphics 620",windows,2,549
71,Asus,"FX753VE-GC093 (i7-7700HQ/12GB/1TB/GeForce",Gaming,17.3,1920,1080,0,"  Core i7 7700HQ  ",Intel,2.8,12,1024,0,HDD,Nvidia,"1050 Ti",linux,3,949
72,Microsoft,"Surface Laptop",Ultrabook,13.5,2256,1504,1,"  Core i5 7200U  ",Intel,2.5,4,"128 ",0,SSD,Intel,"Graphics 620",windows,1,1089
73,Dell,"Inspiron 5370",Ultrabook,13.3,1920,1080,0,"  Core i7 8550U  ",Intel,1.8,8,"256 ",0,SSD,AMD,"Radeon 530",windows,1,955
74,Dell,"Inspiron 5570",Notebook,15.6,1920,1080,0,"  Core i7 8550U  ",Intel,1.8,8,"256 ",0,SSD,AMD,"Radeon 530",windows,2,870
75,MSI,"GL72M 7RDX",Gaming,17.3,1920,1080,0,"  Core i5 7300HQ  ",Intel,2.5,8,"128 ",1024,hybrid,Nvidia,"GTX 1050",windows,3,1095
76,Acer,"Aspire E5-475",Notebook,14,1366,768,0,"  Core i3 6006U  ",Intel,2,8,1024,0,HDD,Intel,"Graphics 520",windows,2,389
77,Asus,"FX503VD-E4022T (i7-7700HQ/8GB/1TB/GeForce",Gaming,15.6,1920,1080,0,"  Core i7 7700HQ  ",Intel,2.8,8,1024,0,HDD,Nvidia,"GTX 1050",windows,2,949
78,Lenovo,"IdeaPad 320-15IKBN",Notebook,15.6,1920,1080,0,"  Core i5 7200U  ",Intel,2.5,8,2048,0,HDD,Intel,"Graphics 620",N/A,2,519
79,Dell,"Inspiron 5570",Notebook,15.6,1920,1080,0,"  Core i7 8550U  ",Intel,1.8,8,"128 ",1024,hybrid,Intel,"Graphics 620",windows,2,855
80,Acer,"Aspire A515-51G-32MX",Notebook,15.6,1920,1080,0,"  Core i3 7130U  ",Intel,2.7,4,1024,0,HDD,Nvidia,"GeForce MX130",windows,2,530
81,HP,"ProBook 470",Notebook,17.3,1920,1080,0,"  Core i5 8250U  ",Intel,1.6,8,"128 ",1024,hybrid,Nvidia,"GeForce 930MX",windows,2,977
82,Dell,"Latitude 5590",Ultrabook,15.6,1920,1080,0,"  Core i5 8250U  ",Intel,1.6,8,"256 ",0,SSD,Intel,"Graphics 620",windows,2,1096
83,Apple,"MacBook 12""",Ultrabook,12,2304,1440,0,"  Core i5  ",Intel,1.3,8,"512 ",0,SSD,Intel,"Graphics 615",macos,1,1510
84,HP,"ProBook 440",Notebook,14,1920,1080,0,"  Core i5 8250U  ",Intel,1.6,8,"256 ",0,SSD,Intel,"Graphics 620",windows,2,860
85,Lenovo,"IdeaPad 320-15AST",Notebook,15.6,1920,1080,0,"  A6-Series 9220  ",AMD,2.5,4,"128 ",0,SSD,AMD,"R4 Graphics",windows,2,399
86,Acer,"Aspire 3",Notebook,15.6,1366,768,0,"  A9-Series 9420  ",AMD,3,4,1024,0,HDD,AMD,"Radeon R5",windows,2,395
87,Dell,"Inspiron 7577",Gaming,15.6,1920,1080,0,"  Core i7 7700HQ  ",Intel,2.8,16,"128 ",1024,hybrid,Nvidia,"1050 Ti",windows,3,1349
88,HP,"Pavilion 15-CK000nv",Ultrabook,15.6,1920,1080,0,"  Core i7 8550U  ",Intel,1.8,8,"256 ",0,SSD,Nvidia,"GTX 940MX",windows,2,699
89,HP,"250 G6",Notebook,15.6,1920,1080,0,"  Core i5 7200U  ",Intel,2.5,8,"256 ",0,SSD,Intel,"Graphics 620",windows,2,599
90,Asus,"FX503VM-E4007T (i7-7700HQ/16GB/1TB",Gaming,15.6,1920,1080,0,"  Core i7 7700HQ  ",Intel,2.8,16,"128 ",1024,hybrid,Nvidia,"GTX 1060",windows,2,1449
91,Dell,"XPS 13",Ultrabook,13.3,1920,1080,0,"  Core i7 8550U  ",Intel,1.8,8,"256 ",0,SSD,Intel,"Graphics 620",windows,1,1649
92,Asus,"FX550IK-DM018T (FX-9830P/8GB/1TB/Radeon",Gaming,15.6,1920,1080,0,"  FX 9830P  ",AMD,3,8,1024,0,HDD,AMD,"RX 560",windows,2,699
93,Acer,"Aspire 5",Notebook,15.6,1920,1080,0,"  Core i7 8550U  ",Intel,1.8,8,1024,0,HDD,Nvidia,"GeForce MX150",windows,2,689
94,HP,"Probook 430",Notebook,13.3,1920,1080,0,"  Core i7 8550U  ",Intel,1.8,16,"512 ",0,SSD,Intel,"Graphics 620",windows,1,1197
95,Dell,"Inspiron 7577",Gaming,15.6,1920,1080,0,"  Core i5 7300HQ  ",Intel,2.5,8,"256 ",0,SSD,Nvidia,"GTX 1060",windows,3,1195
96,Asus,"Zenbook UX430UA",Ultrabook,14,1920,1080,0,"  Core i7 7500U  ",Intel,2.7,8,"256 ",0,SSD,Intel,"Graphics 620",windows,1,1049
97,Acer,"Spin 5","2 in 1 Convertible",13.3,1920,1080,1,"  Core i5 8250U  ",Intel,1.6,8,"256 ",0,SSD,Intel,"Graphics 620",windows,2,847
98,Dell,"Inspiron 3567",Notebook,15.6,1920,1080,0,"  Core i7 7500U  ",Intel,2.7,8,1024,0,HDD,AMD,"R5 M430",linux,2,600
99,Dell,"Inspiron 3567",Notebook,15.6,1920,1080,0,"  Core i3 6006U  ",Intel,2,4,"256 ",0,SSD,AMD,"R5 M430",linux,2,485
100,Asus,"X541UV-DM1439T (i3-7100U/6GB/256GB/GeForce",Notebook,15.6,1920,1080,0,"  Core i3 7100U  ",Intel,2.4,6,"256 ",0,SSD,Nvidia,"GeForce 920M",windows,2,577
102,HP,"Omen 15-ce007nv",Gaming,15.6,1920,1080,0,"  Core i7 7700HQ  ",Intel,2.8,12,"128 ",1024,hybrid,Nvidia,"GTX 1050",windows,3,1249
103,HP,"15-bs017nv (i7-7500U/8GB/256GB/Radeon",Notebook,15.6,1920,1080,0,"  Core i7 7500U  ",Intel,2.7,8,"256 ",0,SSD,AMD,"Radeon 530",windows,2,719
104,HP,"15-bw000nv (E2-9000e/4GB/500GB/Radeon",Notebook,15.6,1920,1080,0,"  E-Series E2-9000e  ",AMD,1.5,4,"500 ",0,HDD,AMD,"Radeon R2",windows,2,349
105,Dell,"Inspiron 3576",Notebook,15.6,1920,1080,0,"  Core i5 8250U  ",Intel,1.6,8,1024,0,HDD,AMD,"Radeon 520",linux,2,647
106,HP,"Envy 13-ad009n",Ultrabook,13.3,1920,1080,0,"  Core i7 7500U  ",Intel,2.7,8,"256 ",0,SSD,Nvidia,"GeForce MX150",windows,1,1119
107,Microsoft,"Surface Laptop",Ultrabook,13.5,2256,1504,1,"  Core i5 7200U  ",Intel,2.5,8,"256 ",0,SSD,Intel,"Graphics 620",windows,1,1340
108,HP,"Pavilion 14-BK001nv",Notebook,14,1920,1080,0,"  Core i5 7200U  ",Intel,2.5,6,"256 ",0,SSD,Nvidia,"GeForce 940MX",windows,2,659
109,Lenovo,"Ideapad 310-15ISK",Notebook,15.6,1920,1080,0,"  Core i3 6006U  ",Intel,2,4,1024,0,HDD,Intel,"Graphics 520",windows,2,415
110,Asus,"UX430UQ-GV209R (i7-7500U/8GB/256GB/GeForce",Ultrabook,14,1920,1080,0,"  Core i7 7500U  ",Intel,2.7,8,"256 ",0,SSD,Nvidia,"GeForce 940MX",windows,1,1193
111,MSI,"GP62M 7REX",Gaming,15.6,1920,1080,0,"  Core i7 7700HQ  ",Intel,2.8,16,"256 ",1024,hybrid,Nvidia,"1050 Ti",windows,2,1299
112,Lenovo,"Thinkpad T470",Notebook,14,1920,1080,0,"  Core i7 7500U  ",Intel,2.7,8,"256 ",0,SSD,Intel,"Graphics 620",windows,2,1480
113,Asus,"VivoBook S15",Ultrabook,15.6,1920,1080,0,"  Core i7 8550U  ",Intel,1.8,16,"256 ",1024,hybrid,Nvidia,"GeForce MX150",windows,2,1262
114,Dell,"XPS 13",Ultrabook,13.3,3200,1800,1,"  Core i7 7560U  ",Intel,2.4,8,"256 ",0,SSD,Intel,"Graphics 640",windows,1,1379
115,Lenovo,"ThinkPad Yoga","2 in 1 Convertible",13.3,1920,1080,1,"  Core i5 7200U  ",Intel,2.5,8,"256 ",0,SSD,Intel,"Graphics 620",windows,1,1399
116,HP,"Probook 440",Notebook,14,1366,768,0,"  Core i5 8250U  ",Intel,1.6,4,"500 ",0,HDD,Intel,"Graphics 620",windows,2,722
117,Dell,"XPS 13",Ultrabook,13.3,1920,1080,0,"  Core i5 8250U  ",Intel,1.6,8,"256 ",0,SSD,Intel,"Graphics 620",windows,1,1629
118,HP,"Spectre x360","2 in 1 Convertible",13.3,1920,1080,1,"  Core i5 8250U  ",Intel,1.6,8,"256 ",0,SSD,Intel,"Graphics 620",windows,1,1399
119,HP,"Probook 440",Notebook,14,1920,1080,0,"  Core i7 8550U  ",Intel,1.8,8,"512 ",0,SSD,Intel,"Graphics 620",windows,2,1084
120,Dell,"Inspiron 7570",Notebook,15.6,1920,1080,0,"  Core i7 8550U  ",Intel,1.8,8,"256 ",1024,hybrid,Nvidia,"GeForce 940MX",windows,2,1130
121,Asus,"X705UV-BX074T (i3-6006U/4GB/1TB/GeForce",Notebook,17.3,1920,1080,0,"  Core i3 6006U  ",Intel,2,4,1024,0,HDD,Nvidia,"GeForce 920MX",windows,2,564
122,Asus,"VivoBook S15",Notebook,15.6,1920,1080,0,"  Core i7 8550U  ",Intel,1.8,8,"256 ",0,SSD,Nvidia,"GeForce 940MX",windows,2,1118
123,Acer,"Spin 3",Notebook,15.6,1920,1080,1,"  Core i3 7100U  ",Intel,2.4,6,1024,0,HDD,Intel,"Graphics 620",windows,2,479
124,MSI,"GS63VR 7RG",Gaming,15.6,1920,1080,0,"  Core i7 7700HQ  ",Intel,2.8,16,"256 ",2048,hybrid,Nvidia,"GTX 1070",windows,2,2242
125,Lenovo,"IdeaPad 320-15IKBN",Notebook,15.6,1920,1080,0,"  Core i5 7200U  ",Intel,2.5,8,"256 ",0,SSD,Nvidia,"GeForce 940MX",N/A,2,629
126,HP,"Probook 470",Notebook,17.3,1920,1080,0,"  Core i7 8550U  ",Intel,1.8,16,"512 ",0,SSD,Nvidia,"930MX ",windows,2,1271
127,Acer,"Aspire 3",Notebook,15.6,1366,768,0,"  A9-Series 9420  ",AMD,3,4,"256 ",0,SSD,AMD,"Radeon R5",windows,2,451
128,HP,"250 G6",Notebook,15.6,1366,768,0,"  Celeron Dual Core N3060  ",Intel,1.6,4,"500 ",0,HDD,Intel,"Graphics 400",N/A,2,259
129,HP,"Probook 440",Notebook,14,1920,1080,0,"  Core i5 8250U  ",Intel,1.6,8,1024,0,HDD,Intel,"Graphics 620",windows,2,812
130,Asus,"E402WA-GA007T (E2-6110/4GB/64GB/W10",Notebook,14,1366,768,0,"  E-Series 6110  ",AMD,1.5,4,"64 ",0,SSD,AMD,"Radeon R2",windows,2,278
131,Dell,"Inspiron 5770",Notebook,17.3,1920,1080,0,"  Core i7 8550U  ",Intel,1.8,16,"256 ",2048,hybrid,AMD,"Radeon 530",windows,3,1396
132,HP,"ProBook 470",Notebook,17.3,1920,1080,0,"  Core i5 8250U  ",Intel,1.6,8,"256 ",0,SSD,Intel,"Graphics 620",windows,2,928
133,Dell,"Inspiron 5567",Notebook,15.6,1366,768,0,"  Core i5 7200U  ",Intel,2.5,8,1024,0,HDD,AMD,"R7 M445",windows,2,639
134,Dell,"Inspiron 3567",Notebook,15.6,1920,1080,0,"  Core i3 6006U  ",Intel,2,4,1024,0,HDD,AMD,"R5 M430",windows,2,449
135,Acer,"Swift 3",Ultrabook,14,1920,1080,0,"  Core i7 8550U  ",Intel,1.8,8,"256 ",0,SSD,Intel,"Graphics 620",windows,2,884
136,Acer,"Aspire A515-51G-37JS",Notebook,15.6,1920,1080,0,"  Core i3 7130U  ",Intel,2.7,4,"256 ",0,SSD,Nvidia,"GeForce MX130",windows,2,572
137,HP,"15-BS078nr (i7-7500U/8GB/1TB/W10)",Notebook,15.6,1366,768,0,"  Core i7 7500U  ",Intel,2.7,8,1024,0,HDD,Intel,"Graphics 620",windows,2,598
138,HP,"Probook 440",Notebook,14,1920,1080,0,"  Core i7 8550U  ",Intel,1.8,8,"256 ",0,SSD,Intel,"Graphics 620",windows,2,988
139,Lenovo,"V110-15IAP (N3350/4GB/1TB/No",Notebook,15.6,1366,768,0,"  Celeron Dual Core N3350  ",Intel,1.1,4,1024,0,HDD,Intel,"Graphics 500",N/A,2,252
140,Asus,"FX753VD-GC086T (i5-7300HQ/8GB/1TB",Gaming,17.3,1920,1080,0,"  Core i5 7300HQ  ",Intel,2.5,8,"128 ",1024,hybrid,Nvidia,"GTX 1050",windows,3,938
141,Lenovo,"IdeaPad 320-15IKBN",Notebook,15.6,1920,1080,0,"  Core i5 7200U  ",Intel,2.5,4,1024,0,HDD,Nvidia,"GeForce 920MX",N/A,2,499
142,HP,"Envy 13-AD007nv",Notebook,13.3,1920,1080,0,"  Core i5 7200U  ",Intel,2.5,4,"256 ",0,SSD,Intel,"Graphics 620",windows,1,699
143,Acer,"Aspire 5",Notebook,17.3,1920,1080,0,"  Core i3 7130U  ",Intel,2.7,4,1024,0,HDD,Nvidia,"GeForce MX130",windows,3,655
144,Lenovo,"ThinkPad E480",Notebook,14,1920,1080,0,"  Core i5 8250U  ",Intel,1.6,8,"256 ",0,SSD,AMD,"RX 550",windows,2,1116
145,Lenovo,"Legion Y520-15IKBN",Gaming,15.6,1920,1080,0,"  Core i7 7700HQ  ",Intel,2.8,8,"256 ",0,SSD,Nvidia,"GTX 1050M",N/A,2,869
146,Toshiba,"Satellite Pro",Notebook,15.6,1366,768,0,"  Core i5 6200U  ",Intel,2.3,4,"500 ",0,HDD,Intel,"Graphics 520",windows,2,602
147,HP,"255 G6",Notebook,15.6,1366,768,0,"  A6-Series 9220  ",AMD,2.5,4,"256 ",0,SSD,AMD,"R4 Graphics",windows,2,369
148,Asus,"ZenBook UX430UA",Ultrabook,14,1920,1080,0,"  Core i7 8550U  ",Intel,1.8,8,"256 ",0,SSD,Intel,"Graphics 620",windows,1,1099
149,HP,"EliteBook Folio",Ultrabook,12.5,3840,2160,1,"  Core M 6Y75  ",Intel,1.2,8,"512 ",0,SSD,Intel,"Graphics 515",windows,1,2014
150,Asus,"X541NA (N3350/4GB/1TB/FHD/W10)",Notebook,15.6,1920,1080,0,"  Celeron Dual Core N3350  ",Intel,1.1,4,1024,0,HDD,Intel,"Graphics 500",windows,2,344
151,MSI,"GE72MVR 7RG",Gaming,17.3,1920,1080,0,"  Core i7 7700HQ  ",Intel,2.8,16,"256 ",1024,hybrid,Nvidia,"GTX 1070",windows,3,2029
152,Acer,"Aspire A315-51",Notebook,15.6,1366,768,0,"  Core i3 6006U  ",Intel,2,4,1024,0,HDD,Intel,"Graphics 520",windows,2,447
153,Dell,"Inspiron 5577",Gaming,15.6,1920,1080,0,"  Core i7 7700HQ  ",Intel,2.8,16,"512 ",0,SSD,Nvidia,"GTX 1050",windows,3,1249
154,Dell,"Inspiron 7567",Gaming,15.6,1920,1080,0,"  Core i7 7700HQ  ",Intel,2.8,8,1.0,0,other,Nvidia,"GTX 1050",windows,3,899
155,Lenovo,"V110-15IKB (i5-7200U/4GB/128GB/W10)",Notebook,15.6,1366,768,0,"  Core i5 7200U  ",Intel,2.5,4,"128 ",0,SSD,Intel,"Graphics 620",windows,2,498
156,MSI,"GE73VR 7RE",Gaming,17.3,1920,1080,0,"  Core i7 7700HQ  ",Intel,2.8,16,"256 ",1024,hybrid,Nvidia,"GTX 1060",windows,3,1890
157,HP,"EliteBook 840",Ultrabook,14,1920,1080,0,"  Core i5 7500U  ",Intel,2.7,4,"256 ",0,SSD,Intel,"Graphics 620",windows,1,1082
158,HP,"15-BS103nv (i5-8250U/6GB/256GB/Radeon",Notebook,15.6,1920,1080,0,"  Core i5 8250U  ",Intel,1.6,6,"256 ",0,SSD,AMD,"Radeon 520",windows,2,619
159,Lenovo,"Yoga 520-14IKB","2 in 1 Convertible",14,1920,1080,1,"  Core i3 7100U  ",Intel,2.4,4,"256 ",0,SSD,Intel,"Graphics 620",windows,2,629
160,Asus,"ZenBook Flip","2 in 1 Convertible",13.3,1920,1080,1,"  Core i5 8250U  ",Intel,1.6,8,"256 ",0,SSD,Intel,"Graphics 620",windows,1,1315
161,Dell,"Inspiron 5579","2 in 1 Convertible",15.6,1920,1080,1,"  Core i7 8550U  ",Intel,1.8,8,"256 ",0,SSD,Intel,"Graphics 620",windows,2,1049
163,Toshiba,"Satellite Pro",Notebook,15.6,1366,768,0,"  Core i3 6006U  ",Intel,2.2,4,"500 ",0,HDD,Intel,"Graphics 520",windows,2,447
164,Asus,"X555BP-XX180T (A9-9420/4GB/1TB/Radeon",Notebook,15.6,1366,768,0,"  A9-Series 9420  ",AMD,3,4,1024,0,HDD,AMD,"R5 M420",windows,2,403
165,Acer,"Aspire A517-51G",Notebook,17.3,1920,1080,0,"  Core i5 8250U  ",Intel,1.6,4,"256 ",0,SSD,Nvidia,"GeForce MX150",windows,3,805
166,Dell,"Inspiron 3576",Notebook,15.6,1920,1080,0,"  Core i5 8250U  ",Intel,1.6,8,"256 ",0,SSD,AMD,"Radeon 520",windows,2,728
167,Lenovo,"Legion Y520-15IKBN",Gaming,15.6,1920,1080,0,"  Core i7 7700HQ  ",Intel,2.8,16,"256 ",0,SSD,Nvidia,"1050 Ti",windows,2,1079
168,Acer,"Aspire A315-31",Notebook,15.6,1366,768,0,"  Celeron Dual Core N3350  ",Intel,1.1,4,1024,0,HDD,Intel,"Graphics 500",windows,2,348
169,MSI,"GE63VR 7RE",Gaming,15.6,1920,1080,0,"  Core i7 7700HQ  ",Intel,2.8,16,"256 ",1024,hybrid,Nvidia,"GTX 1060",windows,2,1799
170,Acer,"Aspire 3",Notebook,15.6,1366,768,0,"  Pentium Quad Core N4200  ",Intel,1.1,4,1024,0,HDD,Intel,"Graphics 505",windows,2,364
171,Dell,"Inspiron 5577",Gaming,15.6,1920,1080,0,"  Core i7 7700HQ  ",Intel,2.8,8,"128 ",1024,hybrid,Nvidia,"GTX 1050",windows,3,1060
172,Acer,"Aspire A517-51G",Notebook,17.3,1920,1080,0,"  Core i5 8250U  ",Intel,1.6,8,"256 ",0,SSD,Nvidia,"GeForce MX150",windows,3,854
173,HP,"ProBook 430",Notebook,13.3,1920,1080,0,"  Core i5 8250U  ",Intel,1.6,4,"500 ",0,HDD,Intel,"Graphics 620",windows,1,754
174,Huawei,"MateBook X",Ultrabook,13,2160,1440,0,"  Core i5 7200U  ",Intel,2.5,8,"256 ",0,SSD,Intel,"Graphics 620",windows,1,1349
175,HP,"17-bs001nv (i5-7200U/6GB/2TB/Radeon",Notebook,17.3,1920,1080,0,"  Core i5 7200U  ",Intel,2.5,6,2048,0,HDD,AMD,"Radeon 520",windows,3,699
176,Lenovo,"IdeaPad 320-15AST",Notebook,15.6,1366,768,0,"  A6-Series 9220  ",AMD,2.9,4,"500 ",0,HDD,AMD,"R4 Graphics",N/A,2,309
177,Toshiba,"Satellite Pro",Notebook,15.6,1366,768,0,"  Core i3 7100U  ",Intel,2.4,4,"500 ",0,HDD,Intel,"Graphics 620",windows,2,489
178,HP,"ProBook 470",Notebook,17.3,1920,1080,0,"  Core i5 8250U  ",Intel,1.6,8,"256 ",0,SSD,Nvidia,"GeForce 930MX",windows,2,923
179,Dell,"Inspiron 3567",Notebook,15.6,1366,768,0,"  Core i3 7100U  ",Intel,2.4,8,1024,0,HDD,Intel,"Graphics 620",windows,2,459
180,Acer,"Aspire A315-51",Notebook,15.6,1366,768,0,"  Core i3 6006U  ",Intel,2,4,"128 ",0,SSD,Intel,"Graphics 520",windows,2,449
181,MSI,"GT80S 6QF-074US",Gaming,18.4,1920,1080,0,"  Core i7 6920HQ  ",Intel,2.9,32,"512 ",1024,hybrid,Nvidia,"980 SLI",windows,4,2799
182,Lenovo,"V310-15IKB (i5-7200U/8GB/1TB",Notebook,15.6,1920,1080,0,"  Core i5 7200U  ",Intel,2.5,8,"128 ",1024,hybrid,AMD,"AMD R17M-M1-70",windows,2,813
183,HP,"Spectre x360","2 in 1 Convertible",13.3,3840,2160,1,"  Core i5 8250U  ",Intel,1.6,8,"256 ",0,SSD,Intel,"Graphics 620",windows,1,1499
184,Dell,"Inspiron 5570",Notebook,15.6,1920,1080,0,"  Core i7 8550U  ",Intel,1.8,16,"256 ",2048,hybrid,AMD,"Radeon 530",linux,2,1049
185,Dell,"XPS 13",Ultrabook,13.3,1920,1080,0,"  Core i5 8250U  ",Intel,1.6,8,"256 ",0,SSD,Intel,"Graphics 620",windows,1,1399
186,Lenovo,"Yoga 920-13IKB","2 in 1 Convertible",13.9,3840,2160,1,"  Core i7 8550U  ",Intel,1.8,16,"512 ",0,SSD,Intel,"Graphics 620",windows,1,1849
187,Toshiba,"Satellite Pro",Notebook,15.6,1366,768,0,"  Core i5 7200U  ",Intel,2.5,8,"128 ",0,SSD,Intel,"Graphics 620",windows,2,793
188,Xiaomi,"Mi Notebook",Notebook,15.6,1920,1080,0,"  Core i5 8250U  ",Intel,1.6,8,"256 ",0,SSD,Nvidia,"GeForce MX150",N/A,2,1199
189,Dell,"Inspiron 7773",Notebook,17.3,1920,1080,1,"  Core i7 8550U  ",Intel,1.8,16,"512 ",0,SSD,Nvidia,"GeForce 150MX",windows,3,1549
190,Dell,"XPS 15",Notebook,15.6,3840,2160,1,"  Core i7 7700HQ  ",Intel,2.8,16,"512 ",0,SSD,Nvidia,"GTX 1050",windows,2,2397
191,Lenovo,"Legion Y520-15IKBN",Gaming,15.6,1920,1080,0,"  Core i5 7300HQ  ",Intel,2.5,8,"256 ",0,SSD,Nvidia,"GTX 1050",N/A,2,779
192,Acer,"Swift 7",Ultrabook,13.3,1920,1080,0,"  Core i5 7Y54  ",Intel,1.2,8,"256 ",0,SSD,Intel,"Graphics 615",windows,1,989
193,Dell,"Inspiron 5770",Notebook,17.3,1920,1080,0,"  Core i7 8550U  ",Intel,1.8,8,"128 ",1024,hybrid,AMD,"Radeon 530",windows,3,1085
194,Lenovo,"Thinkpad Yoga","2 in 1 Convertible",14,2560,1440,1,"  Core i7 7500U  ",Intel,2.7,16,1024,0,SSD,Intel,"Graphics 620",windows,1,2824
195,Vero,"K147 (N3350/4GB/32GB/FHD/W10)",Notebook,14,1920,1080,0,"  Celeron Dual Core N3350  ",Intel,1.1,4,"32 ",0,"flash storage",Intel,"Graphics 500",windows,1,260
196,Xiaomi,"Mi Notebook",Ultrabook,13.3,1920,1080,0,"  Core i5 7200U  ",Intel,2.5,8,"256 ",0,SSD,Nvidia,"GeForce MX150",N/A,1,1000
197,Lenovo,"IdeaPad 320-17IKBR",Notebook,17.3,1600,900,0,"  Core i5 8250U  ",Intel,1.6,8,"256 ",0,SSD,Nvidia,"GeForce MX150",N/A,3,698
198,Dell,"Inspiron 5379","2 in 1 Convertible",13.3,1920,1080,1,"  Core i7 8550U  ",Intel,1.8,8,1024,0,HDD,Intel,"Graphics 620",windows,2,839
199,HP,"ProBook 470",Notebook,17.3,1920,1080,0,"  Core i5 8250U  ",Intel,1.6,8,1024,0,HDD,Nvidia,"GeForce 930MX",windows,2,914
200,Razer,"Blade Pro",Gaming,17.3,3840,2160,1,"  Core i7 7820HK  ",Intel,2.9,32,1024,0,SSD,Nvidia,"GTX 1080",windows,3,6099
201,HP,"ProBook 430",Notebook,13.3,1920,1080,0,"  Core i5 8250U  ",Intel,1.6,8,"512 ",0,SSD,Intel,"Graphics 620",windows,1,959
202,HP,"Omen 17-W295",Gaming,17.3,1920,1080,0,"  Core i7 7700HQ  ",Intel,2.8,16,"256 ",1024,hybrid,Nvidia,"GTX 1050",windows,3,1379
203,HP,"Probook 470",Notebook,17.3,1920,1080,0,"  Core i7 8550U  ",Intel,1.8,8,"256 ",0,SSD,Nvidia,"930MX ",windows,2,1045
204,Dell,"Inspiron 7577",Gaming,15.6,3840,2160,0,"  Core i7 7700HQ  ",Intel,2.8,16,"512 ",1024,hybrid,Nvidia,"GTX 1060",windows,3,1845
205,Lenovo,"V110-15ISK (i5-6200U/4GB/128GB/W10)",Notebook,15.6,1366,768,0,"  Core i5 6200U  ",Intel,2.3,4,"128 ",0,SSD,Intel,"Graphics 520",windows,2,493
206,Acer,"Aspire E5-576G",Notebook,15.6,1920,1080,0,"  Core i7 7500U  ",Intel,2.7,8,1024,0,HDD,Nvidia,"GeForce 940MX",windows,2,742
207,Lenovo,"Legion Y720-15IKB",Gaming,15.6,1920,1080,0,"  Core i7 7700HQ  ",Intel,2.8,16,"512 ",1024,hybrid,Nvidia,"GTX 1060",windows,3,1749
208,Dell,"Precision 7520",Workstation,15.6,3840,2160,0,"  Xeon E3-1505M V6  ",Intel,3,16,"256 ",1024,hybrid,Nvidia,"Quadro M1200",windows,3,3055
209,Lenovo,"Legion Y520-15IKBN",Gaming,15.6,1920,1080,0,"  Core i7 7700HQ  ",Intel,2.8,16,"512 ",0,SSD,Nvidia,"GTX 1060",N/A,2,1398
210,Dell,"Inspiron 3567",Notebook,15.6,1366,768,1,"  Core i3 7100U  ",Intel,2.4,6,1024,0,HDD,Intel,"Graphics 620",windows,2,439
211,Dell,"XPS 13",Ultrabook,13.3,3840,2160,1,"  Core i7 8550U  ",Intel,1.8,8,"256 ",0,SSD,Intel,"Graphics 620",windows,1,1949
212,Dell,"XPS 13",Ultrabook,13.3,1920,1080,0,"  Core i7 8550U  ",Intel,1.8,8,"256 ",0,SSD,Intel,"Graphics 620",windows,1,1449
213,Lenovo,"IdeaPad 320-15IKBN",Notebook,15.6,1366,768,0,"  Core i5 7200U  ",Intel,2.5,8,"256 ",0,SSD,Intel,"Graphics 620",windows,2,597
215,Acer,"Aspire 7",Notebook,15.6,1920,1080,0,"  Core i7 7700HQ  ",Intel,2.8,8,1024,0,HDD,Nvidia,"GTX 1050",linux,2,779
216,Asus,"ROG GL703VD-GC028T",Gaming,17.3,1920,1080,0,"  Core i7 7700HQ  ",Intel,2.8,16,"256 ",1024,hybrid,Nvidia,"GTX 1050",windows,3,1407
217,HP,"15-bs018nq (i3-6006U/4GB/500GB/FHD/No",Notebook,15.6,1920,1080,0,"  Core i3 6006U  ",Intel,2,4,"500 ",0,HDD,Intel,"Graphics 520",N/A,2,349
218,Lenovo,"IdeaPad 320-15IKBN",Notebook,15.6,1920,1080,0,"  Core i5 7200U  ",Intel,2.5,8,"256 ",0,SSD,Intel,"Graphics 620",N/A,2,549
219,Huawei,"MateBook X",Ultrabook,13,2160,1440,0,"  Core i7 7500U  ",Intel,2.7,8,"512 ",0,SSD,Intel,"Graphics 620",windows,1,1499
220,Dell,"Inspiron 5370",Ultrabook,13.3,1920,1080,0,"  Core i7 8550U  ",Intel,1.8,8,"256 ",0,SSD,AMD,"Radeon 530",windows,1,932
221,Lenovo,"IdeaPad 320-17IKB",Notebook,17.3,1600,900,0,"  Core i5 7200U  ",Intel,2.5,8,1024,0,HDD,Nvidia,"GTX 940MX",N/A,3,589
222,HP,"Probook 440",Notebook,14,1920,1080,0,"  Core i7 8550U  ",Intel,1.8,8,"256 ",0,SSD,Nvidia,"GeForce 930MX",windows,2,1031
223,Dell,"Latitude 5490",Ultrabook,14,1920,1080,0,"  Core i5 8250U  ",Intel,1.6,8,"256 ",0,SSD,Intel,"Graphics 620",windows,2,1149
224,Dell,"Inspiron 5379","2 in 1 Convertible",13.3,1920,1080,1,"  Core i7 8550U  ",Intel,1.8,16,"512 ",0,SSD,Intel,"Graphics 620",windows,2,1279
225,Dell,"Inspiron 3576",Notebook,15.6,1920,1080,0,"  Core i5 8250U  ",Intel,1.6,8,"256 ",0,SSD,AMD,"Radeon 520",linux,2,677
226,Lenovo,"Yoga 520-14IKB","2 in 1 Convertible",14,1920,1080,0,"  Core i5 8250U  ",Intel,1.6,8,"256 ",0,SSD,Intel,"Graphics 620",windows,2,899
227,Toshiba,"Portege Z30-C-16L",Ultrabook,13.3,1920,1080,0,"  Core i7 6500U  ",Intel,2.5,8,"256 ",0,SSD,Intel,"Graphics 520",windows,1,1363
228,HP,"ProBook 450",Notebook,15.6,1920,1080,0,"  Core i5 8250U  ",Intel,1.6,8,1024,0,HDD,Intel,"Graphics 620",windows,2,794
229,Dell,"Alienware 17",Gaming,17.3,1920,1080,0,"  Core i7 7700HQ  ",Intel,2.8,16,"256 ",1024,hybrid,Nvidia,"GTX 1060",windows,4,2456
230,Acer,"Aspire E5-576G",Notebook,15.6,1920,1080,0,"  Core i7 7500U  ",Intel,2.7,8,"256 ",0,SSD,Nvidia,"GeForce 940MX",windows,2,832
231,Dell,"Inspiron 5567",Notebook,15.6,1920,1080,1,"  Core i7 7500U  ",Intel,2.7,16,1024,0,HDD,AMD,"R7 M445",windows,2,859
232,Asus,"Vivobook X541UV-DM1217T",Notebook,15.6,1920,1080,0,"  Core i5 7200U  ",Intel,2.5,8,"256 ",0,SSD,Nvidia,"920MX ",windows,2,769
233,Asus,"K756UX-T4340T (i5-7200U/8GB/500GB",Notebook,17.3,1920,1080,0,"  Core i5 7200U  ",Intel,2.5,8,"256 ",500,hybrid,Nvidia,"GTX 950M",windows,3,891
234,HP,"ZBook 15u",Notebook,15.6,1920,1080,0,"  Core i7 7500U  ",Intel,2.7,8,1024,0,HDD,AMD,"W4190M ",windows,2,1269
235,Asus,"Pro P2540UA-XO0198T",Notebook,15.6,1366,768,0,"  Core i3 7100U  ",Intel,2.4,4,1024,0,HDD,Intel,"Graphics 620",windows,2,399
236,HP,"15-rb013nv (E2-9000e/4GB/500GB/W10)",Notebook,15.6,1366,768,0,"  E-Series 9000e  ",AMD,1.5,4,"500 ",0,HDD,AMD,"Radeon R2",windows,2,330
237,Lenovo,"Legion Y720-15IKB",Gaming,15.6,1920,1080,0,"  Core i7 7700HQ  ",Intel,2.8,16,"256 ",1024,hybrid,Nvidia,"GTX 1060",windows,3,1499
238,Dell,"Vostro 5468",Notebook,14,1920,1080,0,"  Core i5 7200U  ",Intel,2.5,8,"256 ",0,SSD,Intel,"Graphics 620",windows,2,859
239,Acer,"Aspire R7","2 in 1 Convertible",13.3,1920,1080,1,"  Core i5 6200U  ",Intel,2.3,8,"256 ",0,SSD,Intel,"Graphics 520",windows,2,689
240,Dell,"Inspiron 5567",Notebook,15.6,1920,1080,0,"  Core i7 7500U  ",Intel,2.7,16,"256 ",0,SSD,AMD,"R7 M445",linux,2,899
241,Acer,"Aspire A315-51",Notebook,15.6,1366,768,0,"  Core i3 6006U  ",Intel,2,4,1024,0,HDD,Intel,"Graphics 520",linux,2,390
242,Asus,"X555QG-DM242T (A10-9620P/4GB/1TB",Notebook,15.6,1920,1080,0,"  A10-Series A10-9620P  ",AMD,2.5,4,"128 ",1024,hybrid,AMD,"R5 M430",windows,2,575
243,Asus,"ROG G703VI-E5062T",Gaming,17.3,1920,1080,0,"  Core i7 7820HK  ",Intel,2.9,32,"512 ",1024,hybrid,Nvidia,"GTX 1080",windows,5,3890
244,Acer,"Nitro AN515-51",Gaming,15.6,1920,1080,0,"  Core i5 7300HQ  ",Intel,2.5,8,"256 ",0,SSD,Nvidia,"GTX 1050",windows,2,846
245,Lenovo,"IdeaPad 320-15ISK",Notebook,15.6,1366,768,0,"  Core i3 6006U  ",Intel,2,8,"128 ",0,SSD,Intel,"Graphics 520",windows,2,589
246,Asus,"VivoBook Pro",Notebook,17.3,1920,1080,0,"  Core i7 8550U  ",Intel,1.8,8,"128 ",1024,hybrid,Nvidia,"GeForce 150MX",windows,2,1145
247,Asus,"F756UX-T4201D (i7-7500U/8GB/128GB",Notebook,17.3,1920,1080,0,"  Core i7 7500U  ",Intel,2.7,8,"128 ",1024,hybrid,Nvidia,"GTX 950M",N/A,3,889
248,Dell,"Inspiron 5577",Gaming,15.6,1920,1080,0,"  Core i5 7300HQ  ",Intel,2.5,8,"256 ",0,SSD,Nvidia,"GTX 1050",windows,3,879
249,Lenovo,"Yoga 910-13IKB","2 in 1 Convertible",13.9,1920,1080,1,"  Core i7 7500U  ",Intel,2.7,8,"256 ",0,SSD,Intel,"Graphics 620",windows,1,1079
250,Dell,"Inspiron 5570",Notebook,15.6,1920,1080,0,"  Core i7 8550U  ",Intel,1.8,8,"128 ",2048,hybrid,AMD,"Radeon 530",windows,2,985
251,HP,"15-bs015dx (i5-7200U/8GB/1TB/W10)",Notebook,15.6,1366,768,1,"  Core i5 7200U  ",Intel,2.5,8,1024,0,HDD,Intel,"Graphics 620",windows,2,559
252,Asus,"Rog G701VIK-BA060T",Gaming,17.3,1920,1080,0,"  Core i7 7820HK  ",Intel,2.9,16,"256 ",0,SSD,Nvidia,"GTX 1080",windows,4,2999
253,HP,"ProBook 430",Notebook,13.3,1920,1080,0,"  Core i5 8250U  ",Intel,1.6,4,"500 ",0,HDD,Intel,"Graphics 620",windows,1,675
254,Apple,"MacBook Pro",Ultrabook,13.3,2560,1600,0,"  Core i5  ",Intel,3.1,8,"512 ",0,SSD,Intel,"Graphics 650",macos,1,2040
255,Dell,"Inspiron 5579","2 in 1 Convertible",15.6,1920,1080,1,"  Core i7 8550U  ",Intel,1.8,8,1024,0,HDD,Intel,"Graphics 620",windows,2,819
256,Asus,"ROG G752VSK-GC493T",Gaming,17.3,1920,1080,0,"  Core i7 7700HQ  ",Intel,2.8,16,"256 ",1024,hybrid,Nvidia,"GTX 980M",windows,4,1799
257,Asus,"X505BP-BR019T (A9-9420/4GB/1TB/Radeon",Notebook,15.6,1366,768,0,"  A9-Series 9420  ",AMD,3,4,1024,0,HDD,AMD,"R5 M420",windows,2,469
258,Lenovo,"Yoga 920-13IKB","2 in 1 Convertible",13.9,1920,1080,1,"  Core i7 8550U  ",Intel,1.8,8,"512 ",0,SSD,Intel,"Graphics 620",windows,1,1849
259,Acer,"Aspire 5",Notebook,17.3,1920,1080,0,"  Core i3 7130U  ",Intel,2.7,4,"256 ",0,SSD,Nvidia,"GeForce MX130",windows,3,702
260,Dell,"Vostro 5370",Ultrabook,13.3,1920,1080,0,"  Core i5 8250U  ",Intel,1.6,8,"256 ",0,SSD,Intel,"Graphics 620",windows,1,949
261,HP,"15-BW094nd (A6-9220/8GB/128GB/W10)",Notebook,15.6,1366,768,0,"  A6-Series A6-9220  ",AMD,2.5,8,"128 ",0,SSD,AMD,"R4 Graphics",windows,2,446
262,HP,"Envy 17-U275cl",Notebook,17.3,1920,1080,0,"  Core i7 8550U  ",Intel,1.8,16,1024,0,HDD,Nvidia,"GeForce MX150",windows,3,1059
263,MSI,"GT73EVR 7RE",Gaming,17.3,1920,1080,0,"  Core i7 7700HQ  ",Intel,2.8,16,"512 ",1024,hybrid,Nvidia,"GTX 1070",windows,4,2499
264,Lenovo,"Yoga 720-15IKB","2 in 1 Convertible",15.6,1920,1080,1,"  Core i7 7700HQ  ",Intel,2.8,8,"512 ",0,SSD,Nvidia,"GTX 1050M",windows,2,1699
265,Dell,"Inspiron 5770",Notebook,17.3,1920,1080,0,"  Core i7 8550U  ",Intel,1.8,8,"128 ",1024,hybrid,AMD,"Radeon 530",windows,3,1142
266,Lenovo,"IdeaPad 320-15ISK",Notebook,15.6,1920,1080,0,"  Core i3 6006U  ",Intel,2,4,"256 ",0,SSD,Intel,"Graphics 520",N/A,2,444
267,HP,"ProBook 450",Notebook,15.6,1920,1080,0,"  Core i5 8250U  ",Intel,1.6,4,"500 ",0,HDD,Intel,"Graphics 620",windows,2,722
268,Dell,"Vostro 3568",Notebook,15.6,1920,1080,0,"  Core i5 7200U  ",Intel,2.5,4,1024,0,HDD,Intel,"Graphics 620",windows,2,657
269,Dell,"Inspiron 3567",Notebook,15.6,1920,1080,0,"  Core i5 7200U  ",Intel,2.5,8,1024,0,HDD,AMD,"R5 M430",windows,2,565
270,Dell,"Inspiron 5579","2 in 1 Convertible",15.6,1920,1080,1,"  Core i5 8250U  ",Intel,1.6,8,"256 ",0,SSD,Intel,"Graphics 620",windows,3,799
271,Asus,"ZenBook Flip","2 in 1 Convertible",13.3,1920,1080,1,"  Core i7 8550U  ",Intel,1.8,8,"512 ",0,SSD,Intel,"Graphics 620",windows,1,1499
272,Lenovo,"IdeaPad 320-15IKBN",Notebook,15.6,1920,1080,0,"  Core i5 7200U  ",Intel,2.5,4,1024,0,HDD,Intel,"Graphics 620",N/A,2,467
273,HP,"Probook 470",Notebook,17.3,1920,1080,0,"  Core i7 8550U  ",Intel,1.8,8,1024,0,HDD,Nvidia,"930MX ",windows,2,1018
274,Lenovo,"V330-15IKB (i7-8550U/8GB/256GB/FHD/W10)",Notebook,15.6,1920,1080,0,"  Core i7 8550U  ",Intel,1.8,8,"256 ",0,SSD,Intel,"Graphics 620",windows,2,880
275,Apple,"MacBook Pro",Ultrabook,13.3,2560,1600,0,"  Core i5  ",Intel,2.9,8,"512 ",0,SSD,Intel,"Graphics 550",macos,1,1959
276,Asus,"Rog Strix",Gaming,17.3,1920,1080,0,"  Ryzen 1700  ",AMD,3,16,"256 ",1024,hybrid,AMD,"RX 580",windows,3,1549
277,Dell,"Inspiron 3576",Notebook,15.6,1920,1080,0,"  Core i7 8550U  ",Intel,1.8,8,"256 ",0,SSD,AMD,"Radeon 520",linux,2,735
278,Lenovo,"ThinkPad X1","2 in 1 Convertible",14,2560,1440,1,"  Core i7 6600U  ",Intel,2.6,16,"512 ",0,SSD,Intel,"Graphics 520",windows,1,2499
279,Toshiba,"Satellite Pro",Notebook,15.6,1366,768,0,"  Core i7 6500U  ",Intel,2.5,8,"500 ",0,HDD,Nvidia,"GeForce 930M",windows,2,812
280,Dell,"Inspiron 5567",Notebook,15.6,1366,768,0,"  Core i7 7500U  ",Intel,2.7,12,1024,0,HDD,Intel,"Graphics 620",windows,2,713
281,Dell,"Inspiron 5770",Notebook,17.3,1920,1080,0,"  Core i7 8550U  ",Intel,1.8,8,"128 ",1024,hybrid,AMD,"Radeon 530",linux,3,1099
282,Acer,"Aspire A515-51G",Notebook,15.6,1920,1080,0,"  Core i7 8550U  ",Intel,1.8,8,1024,0,HDD,Nvidia,"GeForce MX130",windows,2,745
283,Lenovo,"IdeaPad 320-17ISK",Notebook,17.3,1600,900,0,"  Core i3 6006U  ",Intel,2,4,1024,0,HDD,Intel,"Graphics 520",windows,3,489
284,Lenovo,"IdeaPad 320-17IKBR",Notebook,17.3,1920,1080,0,"  Core i7 8550U  ",Intel,1.8,8,2048,0,HDD,Nvidia,"GeForce MX150",N/A,3,849
285,Lenovo,"IdeaPad 320-17IKB",Notebook,17.3,1600,900,0,"  Core i7 7500U  ",Intel,2.7,6,"128 ",1024,hybrid,Nvidia,"GeForce 940MX",windows,3,859
286,Dell,"Inspiron 3567",Notebook,15.6,1920,1080,0,"  Core i3 6006U  ",Intel,2,4,1024,0,HDD,AMD,"R5 M430",linux,2,428
287,Lenovo,"Legion Y520-15IKBN",Gaming,15.6,1920,1080,0,"  Core i5 7300HQ  ",Intel,2.5,8,"256 ",0,SSD,Nvidia,"GTX 1050",windows,2,829
288,Lenovo,"Ideapad 320-15IKBN",Notebook,15.6,1920,1080,0,"  Core i5 7200U  ",Intel,2.5,6,"256 ",0,SSD,Intel,"Graphics 620",windows,2,579
289,Acer,"Aspire A517-51G",Notebook,15.6,1920,1080,0,"  Core i7 8550U  ",Intel,1.8,8,"256 ",0,SSD,Nvidia,"GeForce MX150",windows,3,951
290,Acer,"SP315-51 (i7-7500U/12GB/1TB/FHD/W10)",Notebook,15.6,1920,1080,1,"  Core i7 7500U  ",Intel,2.7,12,1024,0,HDD,Intel,"Graphics 620",windows,2,659
291,Lenovo,"Thinkpad T570",Notebook,15.6,1920,1080,0,"  Core i7 7500U  ",Intel,2.7,8,"256 ",0,SSD,Intel,"Graphics 630",windows,2,1097
292,Asus,"VivoBook S15",Ultrabook,15.6,1920,1080,0,"  Core i5 7200U  ",Intel,2.5,8,"256 ",0,SSD,Nvidia,"GeForce 940MX",windows,2,977
293,Lenovo,"Legion Y520-15IKBN",Gaming,15.6,1920,1080,0,"  Core i7 7700HQ  ",Intel,2.8,16,"256 ",1024,hybrid,Nvidia,"1050 Ti",windows,2,1179
294,Lenovo,"IdeaPad 320-15IKB",Notebook,15.6,1920,1080,0,"  Core i7 7500U  ",Intel,2.7,8,1024,0,HDD,Nvidia,"GeForce 940MX",N/A,2,659
295,Acer,"Chromebook C910-C2ST",Notebook,15.6,1366,768,0,"  Celeron Dual Core 3205U  ",Intel,1.5,2,"16 ",0,SSD,Intel,"HD Graphics",others,2,199
296,Asus,"FX753VD-GC071T (i7-7700HQ/8GB/1TB/GeForce",Gaming,17.3,1920,1080,0,"  Core i7 7700HQ  ",Intel,2.8,8,1024,0,HDD,Nvidia,"GTX 1050",windows,3,1187
297,HP,"17-BS037cl (i3-6006U/8GB/1TB/W10)",Notebook,17.3,1600,900,0,"  Core i3 6006U  ",Intel,2,8,1024,0,HDD,Intel,"Graphics 520",windows,3,489
298,Dell,"XPS 15",Notebook,15.6,1920,1080,0,"  Core i7 7700HQ  ",Intel,2.8,8,"256 ",0,SSD,Nvidia,"GTX 1050",windows,2,1829
299,Lenovo,"V330-15IKB (i5-8250U/8GB/256GB/FHD/W10)",Notebook,15.6,1920,1080,0,"  Core i5 8250U  ",Intel,1.6,8,"256 ",0,SSD,Intel,"Graphics 620",windows,2,739
300,Lenovo,"Legion Y720-15IKB",Gaming,15.6,1920,1080,0,"  Core i7 7700HQ  ",Intel,2.8,8,1024,0,HDD,Nvidia,"GTX 1060",windows,3,1299
301,Acer,"Aspire A715-71G",Notebook,15.6,1920,1080,0,"  Core i7 7700HQ  ",Intel,2.8,8,"256 ",0,SSD,Nvidia,"1050 Ti",linux,2,979
302,Dell,"Precision 7720",Workstation,17.3,1920,1080,0,"  Core i7 7820HQ  ",Intel,2.9,16,"256 ",0,SSD,Nvidia,"Quadro M1200",windows,3,2885
303,Lenovo,"IdeaPad 310-15ABR",Notebook,15.6,1920,1080,0,"  A10-Series 9600P  ",AMD,2.4,6,1024,0,HDD,AMD,"R5 430",windows,2,499
304,Asus,"ZenBook UX530UQ-PRO",Ultrabook,15.6,1920,1080,0,"  Core i7 7500U  ",Intel,2.7,16,"512 ",0,SSD,Nvidia,"GeForce 940MX",windows,2,1468
305,Asus,"VivoBook S14",Notebook,14,1366,768,0,"  Core i3 7100U  ",Intel,2.4,4,"128 ",0,SSD,Intel,"Graphics 620",windows,1,509
306,Asus,"Rog GL702VS-GC095T",Gaming,17.3,1920,1080,0,"  Core i7 7700HQ  ",Intel,2.8,16,"256 ",1024,hybrid,Nvidia,"GTX 1070",windows,3,2122
307,Lenovo,"IdeaPad 320-17IKB",Notebook,17.3,1600,900,0,"  Core i5 7200U  ",Intel,2.5,6,1024,0,HDD,Nvidia,"GTX 940M",windows,3,649
308,Lenovo,"IdeaPad 320-15IKBN",Notebook,15.6,1366,768,0,"  Core i5 7200U  ",Intel,2.5,8,2048,0,HDD,Nvidia,"GeForce 940MX",N/A,2,549
309,Asus,"GL553VE-FY082T (i7-7700HQ/8GB/1TB",Gaming,15.6,1920,1080,0,"  Core i7 7700HQ  ",Intel,2.8,8,"128 ",1024,hybrid,Nvidia,"1050 Ti",windows,2,1265
310,Lenovo,"IdeaPad 320-15IAP",Notebook,15.6,1366,768,0,"  Pentium Quad Core N4200  ",Intel,1.1,4,1024,0,HDD,Intel,"Graphics 505",N/A,2,360
311,HP,"EliteBook x360","2 in 1 Convertible",13.3,1920,1080,1,"  Core i7 7600U  ",Intel,2.8,16,"256 ",0,SSD,Intel,"Graphics 620",windows,1,1975
312,Toshiba,"Satellite Pro",Notebook,15.6,1920,1080,0,"  Core i7 6500U  ",Intel,2.5,8,"256 ",0,SSD,Nvidia,"GeForce 930M",windows,2,1043
313,Lenovo,"IdeaPad 320-15IKB",Notebook,15.6,1920,1080,0,"  Core i5 7200U  ",Intel,2.5,8,"128 ",1024,hybrid,Nvidia,"GeForce 940MX",windows,2,819
314,HP,"250 G6",Notebook,15.6,1920,1080,0,"  Core i3 6006U  ",Intel,2,4,1024,0,HDD,Intel,"Graphics 520",windows,2,469
315,Lenovo,"IdeaPad 720S-13IKB",Notebook,13.3,1920,1080,0,"  Core i5 7200U  ",Intel,2.5,8,"256 ",0,SSD,Intel,"Graphics 620",windows,1,999
316,Dell,"XPS 13",Ultrabook,13.3,3840,2160,1,"  Core i7 8550U  ",Intel,1.8,16,1024,0,SSD,Intel,"Graphics 620",windows,1,2499
317,MSI,"GE63VR 7RF",Gaming,15.6,1920,1080,0,"  Core i7 7700HQ  ",Intel,2.8,16,"256 ",1024,hybrid,Nvidia,"GTX 1070",windows,3,2099
318,Acer,"ES1-523-84K7 (A8-7410/8GB/256GB/FHD/W10)",Notebook,15.6,1920,1080,0,"  A8-Series 7410  ",AMD,2.2,8,"256 ",0,SSD,AMD,"Radeon R5",windows,2,469
319,Asus,"VivoBook Flip","2 in 1 Convertible",11.6,1366,768,1,"  Celeron Dual Core N3350  ",Intel,1.1,2,"32 ",0,"flash storage",Intel,"Graphics 500",windows,1,275
320,Dell,"Inspiron 5570",Notebook,15.6,1920,1080,0,"  Core i5 8250U  ",Intel,1.6,8,"128 ",1024,hybrid,AMD,"Radeon 530",windows,2,844
321,HP,"Spectre x360","2 in 1 Convertible",13.3,3840,2160,1,"  Core i7 8550U  ",Intel,1.8,16,1024,0,SSD,Intel,"Graphics 620",windows,1,2449
322,Lenovo,"ThinkPad 13",Notebook,13.3,1366,768,0,"  Celeron Dual Core 3855U  ",Intel,1.6,4,"16 ",0,"flash storage",Intel,"Graphics 510",others,1,460
323,HP,"ProBook 640",Notebook,14,1920,1080,0,"  Core i5 7200U  ",Intel,2.5,8,"256 ",0,SSD,Intel,"Graphics 620",windows,2,980
324,Acer,"TravelMate B",Notebook,11.6,1366,768,0,"  Pentium Quad Core N3710  ",Intel,1.6,4,"128 ",0,"flash storage",Intel,"Graphics 405",windows,1,485
325,HP,"Elitebook 840",Notebook,14,1920,1080,0,"  Core i7 7500U  ",Intel,2.7,8,"256 ",0,SSD,Intel,"Graphics 620",windows,1,1292
326,Lenovo,"IdeaPad 320-17IKB",Notebook,17.3,1600,900,0,"  Core i5 7200U  ",Intel,2.5,4,1024,0,HDD,Nvidia,"GeForce 920MX",windows,3,589
327,Asus,"ZenBook UX410UA-GV183T",Notebook,14,1920,1080,0,"  Core i7 7500U  ",Intel,2.7,8,"256 ",0,SSD,Intel,"Graphics 620",windows,2,1094
329,HP,"ProBook 450",Notebook,15.6,1366,768,0,"  Core i7 8550U  ",Intel,1.8,8,1024,0,HDD,Intel,"Graphics 620",windows,2,902
330,Acer,"Aspire 5",Notebook,15.6,1366,768,0,"  A12-Series 9720P  ",AMD,2.7,8,"256 ",0,SSD,AMD,"RX 540",windows,2,659
331,Lenovo,"IdeaPad 120S-14IAP",Notebook,14,1366,768,0,"  Celeron Dual Core N3350  ",Intel,1.1,4,"32 ",0,"flash storage",Intel,"Graphics 500",windows,1,292
332,Acer,"Aspire E5-575",Notebook,15.6,1366,768,0,"  Core i5 7200U  ",Intel,2.5,6,1024,0,HDD,Intel,"Graphics 620",windows,2,549
333,Asus,"VivoBook S15",Ultrabook,15.6,1920,1080,0,"  Core i7 7500U  ",Intel,2.7,8,"256 ",0,SSD,Nvidia,"GeForce 940MX",windows,2,1050
334,HP,"Elitebook 820",Ultrabook,12.5,1920,1080,0,"  Core i7 7500U  ",Intel,2.7,8,"256 ",0,SSD,Intel,"Graphics 620",windows,1,1335
335,Dell,"XPS 15",Notebook,15.6,3840,2160,1,"  Core i7 7700HQ  ",Intel,2.8,32,1024,0,SSD,Nvidia,"GTX 1050",windows,2,2639
336,MSI,"GL72M 7REX",Gaming,17.3,1920,1080,0,"  Core i7 7700HQ  ",Intel,2.8,8,"256 ",1024,hybrid,Nvidia,"1050 Ti",windows,3,1199
337,Toshiba,"Satellite Pro",Notebook,15.6,1920,1080,0,"  Core i5 7200U  ",Intel,2.5,8,"256 ",0,SSD,Intel,"Graphics 620",windows,2,943
338,Asus,"UX510UX-CN269T (i7-7500U/8GB/256GB",Notebook,14,1920,1080,0,"  Core i7 7500U  ",Intel,2.7,8,"256 ",1024,hybrid,Intel,"Graphics 620",windows,2,1334
339,Lenovo,"V310-15ISK (i3-6006U/4GB/1TB/FHD/W10)",Notebook,15.6,1920,1080,0,"  Core i3 6006U  ",Intel,2,4,1024,0,HDD,Intel,"Graphics 520",windows,2,449
340,Asus,"FX553VD-FY647T (i7-7700HQ/8GB/256GB/GeForce",Gaming,15.6,1920,1080,0,"  Core i7 7700HQ  ",Intel,2.8,8,"256 ",0,SSD,Nvidia,"GTX 1050",windows,2,999
341,HP,"EliteBook 840",Notebook,14,1920,1080,0,"  Core i5 7300U  ",Intel,2.6,8,"256 ",0,SSD,Intel,"Graphics 620",windows,1,1268
342,Dell,"Inspiron 7570",Ultrabook,15.6,1920,1080,0,"  Core i5 8250U  ",Intel,1.6,8,"128 ",1024,hybrid,Nvidia,"GeForce 940MX",windows,2,1049
343,HP,"Elitebook 850",Notebook,15.6,1920,1080,0,"  Core i5 7200U  ",Intel,2.5,8,"256 ",0,SSD,Intel,"Graphics 620",windows,2,1144
344,Asus,"X541NA (N3350/4GB/1TB/Linux)",Notebook,15.6,1366,768,0,"  Celeron Dual Core N3350  ",Intel,1.1,4,1024,0,HDD,Intel,"Graphics 500",linux,2,275
345,Dell,"Inspiron 7570",Notebook,15.6,1920,1080,0,"  Core i5 8250U  ",Intel,1.6,8,"256 ",0,SSD,Nvidia,"GeForce 940MX",windows,2,1143
346,Dell,"Inspiron 3552",Notebook,15.6,1366,768,0,"  Celeron Dual Core N3060  ",Intel,1.6,4,"500 ",0,HDD,Intel,"HD Graphics",linux,2,275
347,Lenovo,"IdeaPad 320-15ABR",Notebook,15.6,1920,1080,0,"  A12-Series 9720P  ",AMD,3.6,12,2048,0,HDD,AMD,"Radeon 530",windows,2,899
348,HP,"ProBook 450",Notebook,15.6,1920,1080,0,"  Core i3 7100U  ",Intel,2.4,8,1024,0,HDD,Nvidia,"930MX ",windows,2,716
349,Lenovo,"Yoga 920-13IKB","2 in 1 Convertible",13.9,3840,2160,1,"  Core i7 8550U  ",Intel,1.8,16,"512 ",0,SSD,Intel,"Graphics 620",windows,1,2099
350,Dell,"XPS 13",Ultrabook,13.3,1920,1080,0,"  Core i7 8550U  ",Intel,1.8,8,"256 ",0,SSD,Intel,"Graphics 620",windows,1,1579
351,Lenovo,"Legion Y520-15IKBN",Gaming,15.6,1920,1080,0,"  Core i7 7700HQ  ",Intel,2.8,16,"256 ",2048,hybrid,Nvidia,"1050 Ti",windows,2,1129
352,HP,"Stream 14-AX001nv",Notebook,14,1366,768,0,"  Celeron Dual Core N3060  ",Intel,1.6,2,"32 ",0,"flash storage",Intel,"Graphics 400",windows,1,279
353,Dell,"Latitude 5590",Ultrabook,15.6,1920,1080,0,"  Core i7 8650U  ",Intel,1.9,16,"512 ",0,SSD,Intel,"Graphics 620",windows,2,1608
354,Asus,"VivoBook Flip","2 in 1 Convertible",11.6,1366,768,1,"  Celeron Dual Core N3350  ",Intel,1.1,4,"32 ",0,"flash storage",Intel,"Graphics 500",windows,2,375
355,Dell,"Inspiron 5570",Ultrabook,15.6,1920,1080,0,"  Core i5 8250U  ",Intel,1.6,8,1024,0,HDD,AMD,"Radeon 530",windows,2,663
356,Dell,"XPS 15",Notebook,15.6,3840,2160,1,"  Core i7 7700HQ  ",Intel,2.8,16,"512 ",0,SSD,Nvidia,"GTX 1050",windows,2,2027
357,HP,"Elitebook 850",Notebook,15.6,1920,1080,0,"  Core i7 7500U  ",Intel,2.7,8,"256 ",0,SSD,Intel,"Graphics 620",windows,2,1304
358,MSI,"GP72MVR 7RFX",Gaming,17.3,1920,1080,0,"  Core i7 7700HQ  ",Intel,2.8,8,"128 ",1024,hybrid,Nvidia,"GTX 1060",windows,3,1409
359,HP,"Zbook 15",Workstation,15.6,1920,1080,0,"  Core i7 7700HQ  ",Intel,2.8,8,"256 ",0,SSD,Nvidia,"Quadro M1200",windows,3,1738
360,Toshiba,"Tecra A50-C-21G",Notebook,15.6,1920,1080,0,"  Core i7 6500U  ",Intel,2.5,16,"512 ",0,SSD,Nvidia,"GeForce 930M",windows,2,1403
361,Dell,"Inspiron 5570",Notebook,15.6,1920,1080,0,"  Core i7 8550U  ",Intel,1.8,8,"128 ",2048,hybrid,AMD,"Radeon 530",windows,2,971
362,Lenovo,"IdeaPad 320-15IAP",Notebook,15.6,1366,768,0,"  Celeron Dual Core N3350  ",Intel,1.1,4,1024,0,HDD,Intel,"Graphics 500",N/A,2,322
363,Dell,"Inspiron 7577",Gaming,15.6,1920,1080,0,"  Core i5 7300HQ  ",Intel,2.5,8,1024,0,HDD,Nvidia,"GTX 1050",windows,3,999
364,Dell,"Inspiron 3567",Notebook,15.6,1366,768,1,"  Core i5 7200U  ",Intel,2.5,8,2048,0,HDD,Intel,"Graphics 620",windows,2,557
365,Dell,"Latitude 7480",Notebook,14,1920,1080,0,"  Core i5 7300U  ",Intel,2.6,8,"256 ",0,SSD,Intel,"Graphics 620",windows,1,1427
366,HP,"250 G6",Notebook,15.6,1366,768,0,"  Core i3 6006U  ",Intel,2,4,"500 ",0,HDD,Intel,"Graphics 520",windows,2,439
367,Asus,"Zenbook UX410UA-GV027T",Notebook,14,1920,1080,0,"  Core i5 7200U  ",Intel,2.5,8,"256 ",0,SSD,Intel,"Graphics 620",windows,2,945
368,Lenovo,"IdeaPad 320-17IKB",Notebook,17.3,1600,900,0,"  Core i5 7200U  ",Intel,2.5,6,"128 ",1024,hybrid,Nvidia,"GTX 940MX",windows,3,719
369,HP,"250 G6",Notebook,15.6,1920,1080,0,"  Core i5 7200U  ",Intel,2.5,8,1024,0,HDD,Intel,"Graphics 620",windows,2,639
370,Lenovo,"IdeaPad 320-15ISK",Notebook,15.6,1366,768,0,"  Core i3 6006U  ",Intel,2,8,"256 ",0,SSD,Nvidia,"920MX ",N/A,2,499
371,HP,"15-AY023na (N3710/8GB/2TB/W10)",Notebook,15.6,1366,768,0,"  Pentium Quad Core N3710  ",Intel,1.6,8,2048,0,HDD,Intel,"Graphics 405",windows,2,389
372,Dell,"Inspiron 5770",Notebook,17.3,1920,1080,0,"  Core i5 8250U  ",Intel,1.6,8,"128 ",1024,hybrid,AMD,"Radeon 530",windows,3,1085
373,Lenovo,"Legion Y520-15IKBN",Gaming,15.6,1920,1080,0,"  Core i5 7300HQ  ",Intel,2.5,8,"128 ",1024,hybrid,Nvidia,"GTX 1050",N/A,2,809
374,Dell,"Inspiron 5567",Notebook,15.6,1920,1080,0,"  Core i7 7500U  ",Intel,2.7,8,"256 ",0,SSD,AMD,"R7 M445",windows,2,899
375,HP,"Elitebook 1040",Ultrabook,14,1920,1080,0,"  Core i7 7500U  ",Intel,2.7,8,"256 ",0,SSD,Intel,"Graphics 620",windows,1,1750
376,Asus,"ZenBook Flip","2 in 1 Convertible",15.6,1920,1080,1,"  Core i7 7500U  ",Intel,2.7,12,"512 ",2048,hybrid,Nvidia,"GT 940MX",windows,2,1099
377,Acer,"Aspire 3",Notebook,15.6,1366,768,0,"  A9-Series 9420  ",AMD,3,4,"128 ",0,SSD,AMD,"Radeon R5",windows,2,426
378,Asus,"Rog Strix",Gaming,17.3,1920,1080,0,"  Ryzen 1700  ",AMD,3,16,"256 ",1024,hybrid,AMD,"RX 580",windows,3,2199
379,Lenovo,"IdeaPad 110-17ACL",Notebook,17.3,1600,900,0,"  A8-Series 7410  ",AMD,2.2,4,"128 ",0,SSD,AMD,"Radeon R5",windows,3,489
380,Dell,"Inspiron 5379","2 in 1 Convertible",13.3,1920,1080,1,"  Core i7 8550U  ",Intel,1.8,8,"256 ",0,SSD,Intel,"Graphics 620",windows,2,869
381,HP,"15-bw003nv (A9-Series-9420/4GB/256GB/FHD/W10)",Notebook,15.6,1920,1080,0,"  A9-Series 9420  ",AMD,3,4,"256 ",0,SSD,AMD,"Radeon R5",windows,2,489
382,Lenovo,"Yoga 11e",Netbook,11.6,1366,768,0,"  Celeron Quad Core N3450  ",Intel,1.1,4,"128 ",0,SSD,Intel,"Graphics 500",windows,2,553
383,Dell,"Inspiron 3552",Notebook,15.6,1366,768,0,"  Celeron Dual Core N3060  ",Intel,1.6,4,"500 ",0,HDD,Intel,"Graphics 400",windows,2,309
384,Asus,"VivoBook E403NA",Notebook,14,1366,768,0,"  Celeron Dual Core N3350  ",Intel,1.1,4,"32 ",0,"flash storage",Intel,"Graphics 500",windows,2,286
385,Acer,"Aspire 7",Notebook,15.6,1920,1080,0,"  Core i7 7700HQ  ",Intel,2.8,8,1024,0,HDD,Nvidia,"GTX 1050",linux,2,846
386,HP,"Omen 17-w212nv",Gaming,17.3,1920,1080,0,"  Core i7 7700HQ  ",Intel,2.8,8,"128 ",1024,hybrid,Nvidia,"GTX 1050",windows,3,1191
387,Lenovo,"V310-15ISK (i3-6006U/4GB/128GB/FHD/No",Notebook,15.6,1920,1080,0,"  Core i3 6006U  ",Intel,2,4,"128 ",0,SSD,Intel,"Graphics 520",N/A,2,404
388,Asus,"ROG Strix",Gaming,15.6,1920,1080,0,"  Core i7 7700HQ  ",Intel,2.8,8,"128 ",1024,hybrid,Nvidia,"GTX 1060",windows,2,1655
389,Lenovo,"IdeaPad 720S-14IKB",Notebook,14,1920,1080,0,"  Core i5 7200U  ",Intel,2.5,8,"256 ",0,SSD,Nvidia,"GeForce 940MX",windows,2,1099
390,Asus,"Zenbook Flip",Ultrabook,13.3,1920,1080,1,"  Core i7 7500U  ",Intel,2.7,16,"512 ",0,SSD,Intel,"Graphics 620",windows,1,1749
391,Lenovo,"Thinkpad X1",Ultrabook,14,2560,1440,0,"  Core i7 7500U  ",Intel,2.7,8,"512 ",0,SSD,Intel,"Graphics 620",windows,1,2282
392,Lenovo,"Ideapad 510S-13IKB",Notebook,13.3,1920,1080,0,"  Core i3 7100U  ",Intel,2.4,4,"128 ",0,SSD,Intel,"Graphics 620",windows,2,549
393,Dell,"Precision 3510",Workstation,15.6,1920,1080,0,"  Core i5 6440HQ  ",Intel,2.6,8,"500 ",0,HDD,AMD,"FirePro W5130M",windows,2,1369
394,Dell,"Precision 5520",Workstation,15.6,1920,1080,0,"  Core i7 6820HQ  ",Intel,2.7,8,"256 ",0,SSD,Nvidia,"Quadro M1200",windows,2,2135
395,Lenovo,"ThinkPad X1","2 in 1 Convertible",14,2560,1440,1,"  Core i7 7500U  ",Intel,2.7,16,"512 ",0,SSD,Intel,"Graphics 620",windows,1,2509
396,Asus,"Rog GL753VD-GC042T",Gaming,17.3,1920,1080,0,"  Core i7 7700HQ  ",Intel,2.8,8,1024,0,HDD,Nvidia,"GTX 1050",windows,3,1039
397,Asus,"Rog GL753VE-GC070T",Gaming,17.3,1920,1080,0,"  Core i7 7700HQ  ",Intel,2.8,16,"256 ",1024,hybrid,Nvidia,"1050 Ti",windows,3,1591
399,Acer,"Aspire 5",Notebook,15.6,1366,768,0,"  Core i5 8250U  ",Intel,1.6,12,1024,0,HDD,Nvidia,"GeForce MX130",windows,2,694
400,MSI,"Leopard GP72M",Gaming,17.3,1920,1080,0,"  Core i7 7700HQ  ",Intel,2.8,8,"256 ",0,SSD,Nvidia,"1050 Ti",windows,3,1349
401,Dell,"Inspiron 5567",Notebook,15.6,1920,1080,0,"  Core i7 7500U  ",Intel,2.7,8,"256 ",0,SSD,AMD,"R7 M445",linux,2,779
402,HP,"15-BW004nv (A9-9420/4GB/256GB/Radeon",Ultrabook,15.6,1920,1080,0,"  A9-Series 9420  ",AMD,3,4,"256 ",0,SSD,AMD,"Radeon 520",windows,2,499
403,Lenovo,"ThinkPad E580",Notebook,15.6,1920,1080,0,"  Core i7 8550U  ",Intel,1.8,8,"256 ",0,SSD,AMD,"RX 550",windows,2,1230
404,Lenovo,"ThinkPad L470",Notebook,14,1920,1080,0,"  Core i5 7200U  ",Intel,2.5,8,"256 ",0,SSD,Intel,"Graphics 620",windows,2,938
405,Dell,"Precision M5520",Workstation,15.6,3840,2160,1,"  Core i7 7700HQ  ",Intel,2.8,8,"256 ",0,SSD,Nvidia,"Quadro M1200",windows,2,2712
406,Lenovo,"Thinkpad X1",Ultrabook,14,2560,1440,0,"  Core i7 7500U  ",Intel,2.7,16,1024,0,SSD,Intel,"Graphics 620",windows,1,2625
407,Lenovo,"IdeaPad 320-15IAP",Notebook,15.6,1366,768,0,"  Celeron Dual Core N3350  ",Intel,1.1,4,1024,0,HDD,Intel,"Graphics 500",windows,2,306
408,Asus,"FX753VD-GC461T (i7-7700HQ/16GB/1TB",Gaming,17.3,1920,1080,0,"  Core i7 7700HQ  ",Intel,2.8,16,"256 ",1024,hybrid,Nvidia,"GTX 1050",windows,3,1529
409,Lenovo,"ThinkPad E580",Notebook,15.6,1920,1080,0,"  Core i5 8250U  ",Intel,1.6,8,"256 ",1024,hybrid,AMD,"RX 550",windows,2,1144
410,Acer,"Aspire 7",Notebook,15.6,1920,1080,0,"  Core i7 7700HQ  ",Intel,2.8,8,"256 ",0,SSD,Nvidia,"GTX 1050",linux,2,879
411,MSI,"GE73VR 7RF",Gaming,17.3,1920,1080,0,"  Core i7 7700HQ  ",Intel,2.8,16,"256 ",1024,hybrid,Nvidia,"GTX 1070",windows,3,2249
412,Asus,"Zenbook 3",Ultrabook,14,1920,1080,0,"  Core i7 7500U  ",Intel,2.7,8,"512 ",0,SSD,Intel,"Graphics 620",windows,1,1873
413,Toshiba,"Portege Z30-C-16P",Ultrabook,13.3,1920,1080,0,"  Core i7 6500U  ",Intel,2.5,16,"512 ",0,SSD,Intel,"Graphics 520",windows,1,1747
414,Dell,"Latitude 7480",Ultrabook,14,1920,1080,0,"  Core i7 7600U  ",Intel,2.8,8,"512 ",0,SSD,Intel,"HD Graphics",windows,1,1680
415,Lenovo,"IdeaPad 320-15ISK",Notebook,15.6,1920,1080,0,"  Core i3 6006U  ",Intel,2,4,"500 ",0,HDD,Intel,"Graphics 520",windows,2,409
416,Lenovo,"Lenovo IdeaPad",Notebook,11.6,1366,768,0,"  Celeron Dual Core N3350  ",Intel,1.1,2,"32 ",0,"flash storage",Intel,"Graphics 500",windows,1,304
417,Lenovo,"ThinkPad P51",Workstation,15.6,1920,1080,0,"  Core i7 7700HQ  ",Intel,2.8,8,"512 ",0,SSD,Nvidia,"Quadro M1200",windows,3,1925
418,Lenovo,"Thinkpad T470p",Ultrabook,14,2560,1440,0,"  Core i7 7700HQ  ",Intel,2.8,8,"512 ",0,SSD,Nvidia,"GT 940MX",windows,2,1943
419,HP,"15-BS028nv (i3-6006U/4GB/1TB/Radeon",Notebook,15.6,1920,1080,0,"  Core i3 6006U  ",Intel,2,4,1024,0,HDD,AMD,"Radeon 520",windows,2,469
420,Acer,"Aspire R7","2 in 1 Convertible",13.3,1920,1080,1,"  Core i7 6500U  ",Intel,2.5,8,"256 ",0,SSD,Intel,"Graphics 520",windows,2,789
421,Asus,"ZenBook Flip","2 in 1 Convertible",13.3,1920,1080,1,"  Core i5 7200U  ",Intel,2.5,8,"256 ",0,SSD,Intel,"Graphics 620",windows,1,928
422,Dell,"Inspiron 3567",Notebook,15.6,1920,1080,0,"  Core i5 7200U  ",Intel,2.5,4,"256 ",0,SSD,AMD,"R5 M430",linux,2,599
423,Dell,"Latitude 3380",Notebook,13.3,1366,768,0,"  Core i3 6006U  ",Intel,2,4,"128 ",0,SSD,Intel,"Graphics 520",windows,2,689
424,HP,"EliteBook 1040",Ultrabook,14,1920,1080,0,"  Core i7 6500U  ",Intel,2.5,8,"256 ",0,SSD,Intel,"Graphics 520",windows,1,1500
425,Dell,"Inspiron 3567",Notebook,15.6,1366,768,0,"  Core i5 7200U  ",Intel,2.5,8,1024,0,HDD,Intel,"Graphics 620",windows,2,540
426,Lenovo,"ThinkPad E480",Ultrabook,14,1920,1080,0,"  Core i7 8550U  ",Intel,1.8,8,"256 ",0,SSD,AMD,"RX 550",windows,2,1215
427,Lenovo,"Yoga 720-15IKB","2 in 1 Convertible",15.6,3840,2160,1,"  Core i7 7700HQ  ",Intel,2.8,16,"512 ",0,SSD,Nvidia,"GTX 1050",windows,2,1899
428,Chuwi,"LapBook 12.3",Notebook,12.3,2736,1824,0,"  Celeron Quad Core N3450  ",Intel,1.1,6,"64 ",0,"flash storage",Intel,"Graphics 500",windows,1,449
429,HP,"ProBook 650",Notebook,15.6,1920,1080,0,"  Core i7 7820HQ  ",Intel,2.9,8,"256 ",0,SSD,Intel,"Graphics 630",windows,2,1427
430,Asus,"X542UQ-DM117 (i3-7100U/8GB/1TB/GeForce",Notebook,15.6,1920,1080,0,"  Core i3 7100U  ",Intel,2.4,8,1024,0,HDD,Nvidia,"GeForce 940MX",linux,2,597
431,Dell,"Alienware 17",Gaming,17.3,2560,1440,0,"  Core i7 7820HK  ",Intel,2.9,16,"256 ",1024,hybrid,Nvidia,"GTX 1070",windows,4,2799
432,Dell,"Inspiron 7577",Gaming,15.6,1920,1080,0,"  Core i7 7700HQ  ",Intel,2.8,8,"128 ",1024,hybrid,Nvidia,"1050 Ti",windows,3,1159
433,Dell,"Inspiron 5570",Notebook,15.6,1920,1080,0,"  Core i7 8550U  ",Intel,1.8,8,"256 ",2048,hybrid,AMD,"Radeon 530",windows,2,1142
434,Dell,"Latitude 5480",Ultrabook,14,1920,1080,0,"  Core i7 7600U  ",Intel,2.8,8,"256 ",0,SSD,Intel,"Graphics 620",linux,2,1099
435,HP,"Omen 17-w207nv",Gaming,17.3,1920,1080,0,"  Core i7 7700HQ  ",Intel,2.8,12,"256 ",1024,hybrid,Nvidia,"GTX 1070",windows,3,1999
436,Mediacom,"FlexBook Edge","2 in 1 Convertible",11.6,1920,1080,1,"  Celeron Dual Core N3350  ",Intel,1.1,4,"32 ",0,SSD,Intel,"Graphics 500",windows,1,299
437,Samsung,"Chromebook 3",Netbook,11.6,1366,768,0,"  Celeron Dual Core N3060  ",Intel,1.6,4,"16 ",0,"flash storage",Intel,"Graphics 400",others,1,269
438,Lenovo,"Thinkpad 13",Notebook,13.3,1920,1080,0,"  Core i7 7500U  ",Intel,2.7,8,"256 ",0,SSD,Intel,"Graphics 620",windows,1,1010
439,Lenovo,"IdeaPad 320s-14IKB",Notebook,14,1920,1080,0,"  Core i3 7130U  ",Intel,2.7,4,"128 ",0,SSD,Intel,"Graphics 620",windows,2,599
440,Lenovo,"Thinkpad T570",Workstation,15.6,3840,2160,0,"  Core i7 7600U  ",Intel,2.8,16,"512 ",0,SSD,Nvidia,"GeForce 940MX",windows,2,2445
441,Lenovo,"Thinkpad P51",Notebook,15.6,1920,1080,0,"  Core i7 7820HQ  ",Intel,2.9,16,"512 ",0,SSD,Nvidia,"Quadro M2200M",windows,2,2449
442,Asus,"Rog Strix",Gaming,17.3,1920,1080,0,"  Ryzen 1600  ",AMD,3.2,8,"256 ",1024,hybrid,AMD,"RX 580",windows,3,1695
443,HP,"15-ra044nv (N3060/4GB/500GB/W10)",Notebook,15.6,1366,768,0,"  Celeron Dual Core N3060  ",Intel,1.6,4,"500 ",0,HDD,Intel,"Graphics 400",windows,2,347
444,Google,"Pixelbook (Core",Ultrabook,12.3,2400,1600,1,"  Core i7 7Y75  ",Intel,1.3,16,"512 ",0,SSD,Intel,"Graphics 615",others,1,2199
445,Lenovo,"ThinkPad T470s",Ultrabook,14,2560,1440,0,"  Core i7 7500U  ",Intel,2.7,24,"512 ",0,SSD,Intel,"Graphics 620",windows,1,2382
446,Asus,"VivoBook Max",Notebook,15.6,1920,1080,0,"  Core i5 7200U  ",Intel,2.5,4,"256 ",0,SSD,Intel,"Graphics 620",linux,2,559
447,Lenovo,"IdeaPad 320-15AST",Notebook,17.3,1600,900,0,"  A6-Series 9220  ",AMD,2.5,8,1024,0,HDD,AMD,"Radeon R4",windows,3,519
448,Dell,"Inspiron 5570",Notebook,15.6,1920,1080,0,"  Core i5 8250U  ",Intel,1.6,4,"256 ",0,SSD,AMD,"Radeon 530",windows,2,749
449,Lenovo,"ThinkPad X270",Ultrabook,12.5,1920,1080,0,"  Core i5 7200U  ",Intel,2.5,8,"256 ",0,SSD,Intel,"Graphics 620",windows,1,1429
450,Lenovo,"IdeaPad 320-15IAP",Notebook,15.6,1920,1080,0,"  Pentium Quad Core N4200  ",Intel,1.1,4,"128 ",0,SSD,Intel,"Graphics 505",windows,2,349
451,HP,"Omen 15-AX205na",Gaming,15.6,1920,1080,0,"  Core i7 7700HQ  ",Intel,2.8,8,"128 ",1024,hybrid,Nvidia,"GTX 1050",windows,2,1099
452,Dell,"Latitude 5480",Notebook,14,1920,1080,0,"  Core i5 7440HQ  ",Intel,2.8,8,"256 ",0,SSD,Nvidia,"GeForce 930MX",windows,2,1179
453,Acer,"Aspire ES1-572",Notebook,15.6,1366,768,0,"  Core i5 7200U  ",Intel,2.5,4,"500 ",0,HDD,Intel,"Graphics 620",linux,2,442
454,Dell,"Precision 3520",Workstation,15.6,1920,1080,0,"  Xeon E3-1505M V6  ",Intel,3,8,"64 ",0,HDD,Nvidia,"Quadro M620",windows,2,1993
455,MSI,"GV62 7RD-1686NL",Gaming,15.6,1920,1080,0,"  Core i5 7300HQ  ",Intel,2.5,8,"256 ",0,SSD,Nvidia,"GTX 1050",windows,2,1028
456,Microsoft,"Surface Laptop",Ultrabook,13.5,2256,1504,1,"  Core i7 7660U  ",Intel,2.5,16,"512 ",0,SSD,Intel,"Graphics 640",windows,1,2589
457,HP,"15-bs024nv (i5-7200U/8GB/128GB/W10)",Notebook,15.6,1366,768,0,"  Core i5 7200U  ",Intel,2.5,8,"128 ",0,SSD,Intel,"Graphics 620",windows,2,589
458,Dell,"Precision 3520",Workstation,15.6,1920,1080,0,"  Core i7 6820HQ  ",Intel,2.7,16,"256 ",0,SSD,Nvidia,"Quadro M620",windows,2,1975
459,HP,"ProBook 650",Workstation,15.6,1920,1080,0,"  Core i7 7820HQ  ",Intel,2.9,8,"512 ",0,SSD,Intel,"Graphics 620",windows,2,1534
460,Lenovo,"ThinkPad T470",Notebook,14,1920,1080,0,"  Core i5 7200U  ",Intel,2.5,8,"256 ",0,SSD,Intel,"Graphics 620",windows,2,1345
461,Dell,"Inspiron 5570",Notebook,15.6,1920,1080,0,"  Core i7 8550U  ",Intel,1.8,8,"128 ",1024,hybrid,AMD,"Radeon 530",windows,2,979
462,Dell,"Inspiron 3168","2 in 1 Convertible",11.6,1366,768,1,"  Pentium Quad Core N3710  ",Intel,1.6,4,"500 ",0,HDD,Intel,"Graphics 405",windows,1,479
463,Dell,"Alienware 17",Notebook,17.3,1920,1080,0,"  Core i7 7700HQ  ",Intel,2.7,8,1024,0,HDD,Nvidia,"GTX 1060",windows,4,2046
464,Microsoft,"Surface Laptop",Ultrabook,13.5,2256,1504,1,"  Core M m3-7Y30  ",Intel,2.2,4,"128 ",0,SSD,Intel,"Graphics 615",windows,1,989
465,Microsoft,"Surface Laptop",Ultrabook,13.5,2256,1504,1,"  Core i7 7660U  ",Intel,2.5,8,"256 ",0,SSD,Intel,"Graphics 640",windows,1,1799
466,HP,"17-BS092ND (i3-6006U/8GB/256GB/W10)",Notebook,17.3,1600,900,0,"  Core i3 6006U  ",Intel,2,8,"256 ",0,SSD,Intel,"Graphics 520",windows,2,640
467,Acer,"Aspire E5-576G",Notebook,15.6,1920,1080,0,"  Core i3 6006U  ",Intel,2,4,1024,0,HDD,Nvidia,"GeForce 940MX",windows,2,544
468,Acer,"TravelMate B",Netbook,11.6,1366,768,0,"  Celeron Dual Core N3060  ",Intel,1.6,4,"128 ",0,SSD,Intel,"Graphics 400",windows,1,435
469,Asus,"Pro P2540UA-AB51",Notebook,15.6,1920,1080,0,"  Core i5 7200U  ",Intel,2.5,8,1024,0,HDD,Intel,"Graphics 620",windows,2,749
470,Lenovo,"IdeaPad 510s-14IKB",Notebook,14,1920,1080,0,"  Core i7 7500U  ",Intel,2.7,8,"512 ",0,SSD,AMD,"R7 M460",N/A,2,799
471,Lenovo,"Thinkpad P51",Notebook,15.6,1920,1080,0,"  Core i7 7820HQ  ",Intel,2.9,8,"256 ",0,SSD,Nvidia,"Quadro M2200M",windows,3,2090
472,Asus,"X541NA-PD1003Y (N4200/4GB/500GB/W10)",Notebook,15.6,1366,768,0,"  Pentium Quad Core N4200  ",Intel,1.1,4,"500 ",0,HDD,Intel,"Graphics 500",windows,2,304
473,Acer,"Aspire 5",Notebook,15.6,1366,768,0,"  Core i3 6006U  ",Intel,2,4,"500 ",0,HDD,Nvidia,"GTX 940MX",windows,2,469
474,Dell,"Inspiron 5570",Notebook,15.6,1920,1080,0,"  Core i5 8250U  ",Intel,1.6,8,2048,0,HDD,AMD,"Radeon 530",windows,2,759
475,HP,"Omen 17-an006nv",Gaming,17.3,1920,1080,0,"  Core i7 7700HQ  ",Intel,2.8,12,1024,0,HDD,Nvidia,"GTX 1060",windows,4,1699
476,Lenovo,"Thinkpad T460s",Ultrabook,14,2560,1440,0,"  Core i7 6600U  ",Intel,2.6,12,"256 ",0,SSD,Intel,"Graphics 520",windows,1,1858
477,HP,"Spectre x360","2 in 1 Convertible",13.3,3840,2160,1,"  Core i7 8550U  ",Intel,1.8,8,"512 ",0,SSD,Intel,"Graphics 620",windows,1,1999
478,HP,"ZBook 15u",Notebook,15.6,1920,1080,0,"  Core i5 7200U  ",Intel,2.5,8,"500 ",0,HDD,AMD,"W4190M ",windows,2,1154
479,Google,"Pixelbook (Core",Ultrabook,12.3,2400,1600,1,"  Core i5 7Y57  ",Intel,1.2,8,"128 ",0,SSD,Intel,"Graphics 615",others,1,1275
480,Dell,"Latitude 7390",Ultrabook,13.3,1920,1080,1,"  Core i5 8250U  ",Intel,1.6,8,"256 ",0,SSD,Intel,"Graphics 620",windows,1,1842
481,Asus,"ZenBook Pro",Notebook,15.6,3840,2160,0,"  Core i7 6700HQ  ",Intel,2.6,12,"128 ",1024,hybrid,Intel,"Graphics 530",windows,2,1299
482,Dell,"Latitude E5470",Notebook,14,1366,768,0,"  Core i3 6100U  ",Intel,2.3,8,"128 ",0,SSD,Intel,"Graphics 520",windows,2,740
483,Dell,"Precision M5520",Workstation,15.6,1920,1080,0,"  Core i7 7700HQ  ",Intel,2.8,8,"256 ",0,SSD,Nvidia,"Quadro M1200",windows,2,2408
484,Lenovo,"Thinkpad T470",Notebook,14,1920,1080,0,"  Core i5 7200U  ",Intel,2.5,8,"180 ",0,SSD,Intel,"Graphics 620",windows,2,1364
485,Dell,"Inspiron 3576",Notebook,15.6,1920,1080,0,"  Core i5 8250U  ",Intel,1.6,8,1024,0,HDD,AMD,"Radeon 520",windows,2,675
486,Toshiba,"Portege X30-D-10J",Notebook,13.3,1920,1080,0,"  Core i5 7200U  ",Intel,2.5,8,"256 ",0,SSD,Intel,"Graphics 620",windows,1,1672
487,Dell,"Inspiron 7570",Notebook,15.6,1920,1080,0,"  Core i7 8550U  ",Intel,1.8,8,"512 ",0,SSD,Nvidia,"GeForce 940MX",windows,2,1262
488,Dell,"Vostro 3568",Notebook,15.6,1366,768,0,"  Core i3 7100U  ",Intel,2.4,4,1024,0,HDD,Intel,"Graphics 620",windows,2,587
489,HP,"ProBook 430",Notebook,13.3,1920,1080,0,"  Core i5 8250U  ",Intel,1.6,4,"128 ",0,SSD,Intel,"Graphics 620",windows,1,726
490,Chuwi,"Lapbook 15,6",Notebook,15.6,1920,1080,0,"  Atom x5-Z8350  ",Intel,1.44,4,"64 ",0,"flash storage",Intel,"HD Graphics",windows,2,249
491,Lenovo,"ThinkPad E570",Notebook,15.6,1366,768,0,"  Core i3 6006U  ",Intel,2,4,"128 ",0,SSD,Intel,"Graphics 520",windows,2,565
492,Lenovo,"ThinkPad E480",Notebook,14,1920,1080,0,"  Core i5 8250U  ",Intel,1.6,8,"256 ",0,SSD,Intel,"Graphics 620",windows,2,1049
493,Dell,"Precision 3520",Workstation,15.6,1920,1080,0,"  Core i7 6820HQ  ",Intel,2.7,16,"512 ",0,SSD,Nvidia,"Quadro M620",windows,2,2338
494,Dell,"XPS 15",Notebook,15.6,1920,1080,0,"  Core i7 7700HQ  ",Intel,2.8,16,"512 ",0,SSD,Nvidia,"GTX 1050",windows,2,1899
495,Lenovo,"Thinkpad X270",Ultrabook,12.5,1920,1080,0,"  Core i7 7500U  ",Intel,2.7,16,"512 ",0,SSD,Intel,"Graphics 620",windows,1,1798
496,Asus,"Zenbook UX390UA",Ultrabook,12.5,1920,1080,0,"  Core i7 7500U  ",Intel,2.7,16,"512 ",0,SSD,Intel,"Graphics 620",windows,1,1950
497,Lenovo,"Thinkpad E570",Notebook,15.6,1920,1080,0,"  Core i5 7200U  ",Intel,2.5,8,"256 ",0,SSD,Nvidia,"GeForce 940MX",windows,2,1012
498,Toshiba,"Portege X30-D-10L",Ultrabook,13.3,1920,1080,1,"  Core i7 7500U  ",Intel,2.7,32,"512 ",0,SSD,Intel,"Graphics 620",windows,1,2799
499,Asus,"VivoBook Pro",Gaming,15.6,1920,1080,0,"  Core i7 7700HQ  ",Intel,2.8,8,"128 ",1024,hybrid,Nvidia,"GTX 1050",windows,2,1350
500,Acer,"Aspire 5",Notebook,15.6,1366,768,0,"  A10-Series 9620P  ",AMD,2.5,8,1024,0,HDD,AMD,"RX 540",windows,2,579
501,Asus,"Rog G752VL-UH71T",Gaming,17.3,1920,1080,1,"  Core i7 6700HQ  ",Intel,2.6,24,"256 ",1024,hybrid,Nvidia,"GTX 965M",windows,4,1269
502,Lenovo,"Thinkpad X260",Ultrabook,12.5,1366,768,0,"  Core i5 6200U  ",Intel,2.3,8,"180 ",0,SSD,Intel,"Graphics 520",windows,1,1099
503,Lenovo,"Ideapad 520-15IKBR",Notebook,15.6,1920,1080,0,"  Core i7 8550U  ",Intel,1.8,8,"256 ",0,SSD,Intel,"Graphics 620",windows,2,899
504,HP,"EliteBook 840",Notebook,14,1920,1080,0,"  Core i7 7600U  ",Intel,2.8,8,1024,0,SSD,Intel,"Graphics 620",windows,1,1749
505,Lenovo,"ThinkPad 13",Notebook,13.3,1920,1080,0,"  Core i3 7100U  ",Intel,2.4,8,"256 ",0,SSD,Intel,"Graphics 620",windows,1,949
506,Lenovo,"ThinkPad L570",Notebook,15.6,1920,1080,0,"  Core i5 7200U  ",Intel,2.5,8,"256 ",0,SSD,Intel,"Graphics 620",windows,2,911
507,Asus,"VivoBook E201NA",Netbook,11.6,1366,768,0,"  Celeron Dual Core N3350  ",Intel,1.1,4,"64 ",0,"flash storage",Intel,"Graphics 500",windows,1,340
508,HP,"15-BS026nv (i5-7200U/8GB/256GB/Radeon",Notebook,15.6,1366,768,0,"  Core i5 7200U  ",Intel,2.5,8,"256 ",0,SSD,AMD,"Radeon 520",windows,2,619
509,Lenovo,"Yoga 920-13IKB","2 in 1 Convertible",13.9,1920,1080,1,"  Core i5 8250U  ",Intel,1.6,8,"256 ",0,SSD,Intel,"Graphics 620",windows,1,1599
510,Lenovo,"IdeaPad 320-14IAP",Notebook,14,1366,768,0,"  Celeron Dual Core N3350  ",Intel,1.1,4,"500 ",0,HDD,Intel,"Graphics 500",windows,2,299
511,Lenovo,"Chromebook N23",Netbook,11.6,1366,768,0,"  Celeron Dual Core N3060  ",Intel,1.6,4,"16 ",0,SSD,Intel,"Graphics 400",others,1,265
512,Lenovo,"ThinkPad 13",Notebook,13.3,1920,1080,0,"  Core i5 7200U  ",Intel,2.5,8,"256 ",0,SSD,Intel,"Graphics 620",windows,1,949
513,Asus,"ZenBook UX510UX-CN211T",Notebook,15.6,1920,1080,0,"  Core i7 7500U  ",Intel,2.7,8,"256 ",1024,hybrid,Intel,"Graphics 620",windows,2,1224
514,Acer,"Aspire A515-51G-59QF",Notebook,15.6,1920,1080,0,"  Core i5 8250U  ",Intel,1.6,4,1024,0,HDD,Nvidia,"GeForce MX150",windows,2,613
515,HP,"Envy 13-AB002nv",Ultrabook,13.3,1920,1080,0,"  Core i7 7500U  ",Intel,2.7,8,"512 ",0,SSD,Intel,"Graphics 620",windows,1,1323
516,Lenovo,"Legion Y520-15IKBN",Gaming,15.6,1920,1080,0,"  Core i7 7700HQ  ",Intel,2.8,8,"256 ",1024,hybrid,Nvidia,"GTX 1060",N/A,2,1149
517,Dell,"XPS 13",Ultrabook,13.3,1920,1080,1,"  Core i5 7200U  ",Intel,2.5,8,"128 ",0,SSD,Intel,"Graphics 620",windows,1,899
518,Acer,"Aspire A515-51G",Notebook,15.6,1920,1080,0,"  Core i7 7500U  ",Intel,2.7,4,"500 ",0,HDD,Nvidia,"GeForce 940MX",windows,2,639
519,Dell,"Vostro 5568",Notebook,15.6,1920,1080,0,"  Core i5 7200U  ",Intel,2.5,8,1024,0,HDD,Intel,"Graphics 620",windows,2,836
520,Dell,"Inspiron 5570",Notebook,15.6,1920,1080,0,"  Core i7 8550U  ",Intel,1.8,16,"256 ",2048,hybrid,AMD,"Radeon 530",windows,2,1219
521,Xiaomi,"Mi Notebook",Notebook,15.6,1920,1080,0,"  Core i7 8550U  ",Intel,1.8,16,"256 ",0,SSD,Nvidia,"GeForce MX150",N/A,2,1400
522,Asus,"VivoBook E12",Netbook,11.6,1366,768,0,"  Celeron Dual Core N3350  ",Intel,1.1,2,"32 ",0,"flash storage",Intel,"Graphics 500",windows,1,245
523,HP,"15-bs190od (i5-8250U/4GB/1TB/W10)",Notebook,15.6,1366,768,1,"  Core i5 8250U  ",Intel,1.6,4,1024,0,HDD,Intel,"Graphics 620",windows,2,521
524,Asus,"ROG Zephyrus",Gaming,15.6,1920,1080,0,"  Core i7 7700HQ  ",Intel,2.8,24,"512 ",0,SSD,Nvidia,"GeForce GTX1080",windows,2,2968
525,HP,"Probook 450",Notebook,15.6,1920,1080,0,"  Core i5 7200U  ",Intel,2.5,8,"256 ",0,SSD,Nvidia,"GeForce 930MX",windows,2,889
526,Asus,"FX753VE-GC155T (i7-7700HQ/16GB/1TB",Gaming,17.3,1920,1080,0,"  Core i7 7700HQ  ",Intel,2.8,16,"256 ",1024,hybrid,Nvidia,"GTX1050 Ti",windows,3,1504
527,Lenovo,"Legion Y720-15IKB",Gaming,15.6,1920,1080,0,"  Core i7 7700HQ  ",Intel,2.8,8,"256 ",1024,hybrid,Nvidia,"GTX 1060",windows,3,1399
528,HP,"Spectre X360",Ultrabook,13.3,1920,1080,0,"  Core i7 7500U  ",Intel,2.7,8,"256 ",0,SSD,Intel,"Graphics 620",windows,1,1399
529,Dell,"Latitude 5480",Notebook,14,1920,1080,0,"  Core i5 7300U  ",Intel,2.6,8,"256 ",0,SSD,Intel,"Graphics 620",windows,2,1280
530,HP,"ProBook 440",Notebook,15.6,1366,768,0,"  Core i3 6006U  ",Intel,2,4,"128 ",0,SSD,Intel,"Graphics 520",windows,2,689
531,Dell,"Inspiron 5770",Notebook,17.3,1920,1080,0,"  Core i5 8250U  ",Intel,1.6,8,"128 ",1024,hybrid,AMD,"Radeon 530",linux,3,889
532,Lenovo,"ThinkPad L470",Notebook,14,1920,1080,0,"  Core i5 6200U  ",Intel,2.3,8,"256 ",0,SSD,Intel,"Graphics 520",windows,2,1340
533,Lenovo,"IdeaPad 320-15IKB",Notebook,15.6,1920,1080,0,"  Core i7 7500U  ",Intel,2.7,4,1024,0,HDD,Nvidia,"GeForce 920MX",windows,2,799
534,Lenovo,"IdeaPad 320-15ISK",Notebook,15.6,1366,768,0,"  Core i3 6006U  ",Intel,2,8,2048,0,HDD,Nvidia,"920MX ",N/A,2,459
535,Dell,"Inspiron 3567",Notebook,15.6,1920,1080,0,"  Core i5 7200U  ",Intel,2.5,4,"500 ",0,HDD,AMD,"R5 M430",windows,2,585
536,Dell,"Latitude 5580",Notebook,15.6,1920,1080,0,"  Core i5 7440HQ  ",Intel,2.8,8,"256 ",0,SSD,Intel,"Graphics 620",windows,2,1377
537,Dell,"Alienware 17",Gaming,17.3,1920,1080,0,"  Core i7 7700HQ  ",Intel,2.8,16,"128 ",1024,hybrid,Nvidia,"GTX 1070",windows,4,3013
538,Toshiba,"Satellite Pro",Notebook,15.6,1920,1080,0,"  Core i5 7200U  ",Intel,2.5,8,"500 ",0,HDD,Intel,"Graphics 620",windows,2,860
539,Asus,"Zenbook UX510UW-FI095T",Notebook,15.6,3840,2160,0,"  Core i7 7500U  ",Intel,2.7,8,"256 ",1024,hybrid,Nvidia,"GTX 960M",windows,2,1299
540,Mediacom,"SmartBook Edge",Notebook,13.3,1920,1080,0,"  Celeron Quad Core N3450  ",Intel,1.1,4,"32 ",0,SSD,Intel,"Graphics 500",windows,1,369
541,Asus,"ROG Strix",Gaming,15.6,1920,1080,0,"  Core i5 7300HQ  ",Intel,2.5,8,"128 ",1024,hybrid,Nvidia,"GTX 1060",windows,2,1649
542,Dell,"Latitude 5580",Notebook,15.6,1920,1080,0,"  Core i7 7600U  ",Intel,2.8,8,"256 ",0,SSD,Nvidia,"GeForce 930MX",windows,2,1369
543,Dell,"Inspiron 5570",Notebook,15.6,1920,1080,0,"  Core i5 8250U  ",Intel,1.6,8,"256 ",0,SSD,AMD,"Radeon 530",windows,2,797
544,HP,"250 G6",Notebook,15.6,1920,1080,0,"  Pentium Quad Core N3710  ",Intel,1.6,4,"256 ",0,SSD,Intel,"Graphics 405",windows,2,399
545,HP,"Omen 15-ce006nv",Gaming,17.3,1920,1080,0,"  Core i7 7700HQ  ",Intel,2.8,12,1024,0,HDD,Nvidia,"GTX 1060",windows,3,1799
546,Lenovo,"Thinkpad E470",Notebook,14,1920,1080,0,"  Core i7 7500U  ",Intel,2.7,8,"256 ",0,SSD,Nvidia,"GeForce 940MX",windows,2,859
547,Dell,"XPS 13",Ultrabook,13.3,3200,1800,1,"  Core i7 8550U  ",Intel,1.8,8,"256 ",0,SSD,Intel,"Graphics 620",windows,1,1399
548,Dell,"Vostro 5468",Notebook,14,1920,1080,0,"  Core i3 6006U  ",Intel,2,4,"128 ",0,SSD,Intel,"Graphics 520",windows,2,736
549,HP,"Envy 13-AB020nr",Ultrabook,13.3,3200,1800,0,"  Core i7 7500U  ",Intel,2.7,8,"256 ",0,SSD,Intel,"Graphics 620",windows,1,1145
550,Acer,"Aspire 7",Gaming,15.6,1920,1080,0,"  Core i5 7300HQ  ",Intel,2.5,8,1024,0,HDD,Nvidia,"GTX 1050",linux,2,798
551,Asus,"VivoBook X540YA-XX519T",Notebook,15.6,1366,768,0,"  E-Series 7110  ",AMD,1.8,4,"500 ",0,HDD,AMD,"R2 Graphics",windows,2,349
552,HP,"ProBook 450",Notebook,15.6,1920,1080,0,"  Core i3 7100U  ",Intel,2.4,4,"128 ",0,SSD,Intel,"Graphics 620",windows,2,706
553,Lenovo,"ThinkPad E470",Notebook,14,1920,1080,0,"  Core i5 7200U  ",Intel,2.5,4,"500 ",0,HDD,Intel,"Graphics 620",windows,2,785
554,Lenovo,"V310-15ISK (i5-6200U/4GB/1TB/FHD/No",Notebook,15.6,1920,1080,0,"  Core i5 6200U  ",Intel,2.3,4,1024,0,HDD,Intel,"Graphics 520",N/A,2,462
555,HP,"250 G6",Notebook,15.6,1920,1080,0,"  Core i3 6006U  ",Intel,2,4,"500 ",0,HDD,Intel,"Graphics 520",windows,2,397
556,Lenovo,"ThinkPad T570",Notebook,15.6,1920,1080,0,"  Core i7 7500U  ",Intel,2.7,8,"512 ",0,SSD,Intel,"Graphics 620",windows,2,1729
557,Lenovo,"IdeaPad 320-15ISK",Notebook,15.6,1920,1080,0,"  Core i3 6006U  ",Intel,2,4,"128 ",0,SSD,Intel,"Graphics 520",windows,2,499
558,Dell,"Latitude 5580",Notebook,15.6,1920,1080,0,"  Core i5 7200U  ",Intel,2.5,8,"256 ",0,SSD,Intel,"Graphics 620",windows,2,1117
559,Dell,"Alienware 17",Gaming,17.3,1920,1080,0,"  Core i7 7700HQ  ",Intel,2.8,16,"256 ",1024,hybrid,Nvidia,"GTX 1070",windows,4,2699
560,HP,"17-X047na (i3-6006U/8GB/1TB/W10)",Notebook,17.3,1600,900,0,"  Core i3 6006U  ",Intel,2,8,1024,0,HDD,Intel,"Graphics 520",windows,3,544
561,HP,"ProBook 470",Notebook,17.3,1920,1080,0,"  Core i7 7500U  ",Intel,2.7,8,1024,0,HDD,Nvidia,"GeForce 930MX",windows,3,1280
562,Asus,"A541NA-GO342 (N3350/4GB/500GB/Linux)",Notebook,15.6,1366,768,0,"  Celeron Dual Core N3350  ",Intel,1.1,4,"500 ",0,HDD,Intel,"Graphics 500",linux,2,224
563,Mediacom,"SmartBook 130",Notebook,13.3,1920,1080,0,"  Atom x5-Z8350  ",Intel,1.44,4,"32 ",0,"flash storage",Intel,"HD Graphics",windows,1,255
564,Lenovo,"IdeaPad 320-17IKB",Notebook,17.3,1600,900,0,"  Core i7 7500U  ",Intel,2.7,6,"128 ",1024,hybrid,Nvidia,"GeForce 940MX",windows,3,949
565,HP,"15-bw007nv (A10-9620P/6GB/128GB/Radeon",Notebook,15.6,1920,1080,0,"  A10-Series A10-9620P  ",AMD,2.5,6,"128 ",0,SSD,AMD,"Radeon 530",windows,2,569
566,Dell,"Vostro 3568",Notebook,15.6,1366,768,0,"  Core i3 6006U  ",Intel,2,4,1024,0,HDD,AMD,"R5 M420",windows,2,618
567,Acer,"Spin SP111-31","2 in 1 Convertible",11.6,1920,1080,1,"  Celeron Dual Core N3350  ",Intel,2,4,"32 ",0,"flash storage",Intel,"Graphics 500",windows,1,349
568,Lenovo,"V330-15IKB (i3-7130U/4GB/128GB/FHD/W10)",Notebook,15.6,1920,1080,0,"  Core i3 7130U  ",Intel,2.7,4,"128 ",0,SSD,Intel,"Graphics 620",windows,2,630
569,HP,"EliteBook 1030",Ultrabook,13.3,3200,1800,1,"  Core M 6Y75  ",Intel,1.2,16,"512 ",0,SSD,Intel,"Graphics 515",windows,1,1965
570,Lenovo,"Thinkpad P71",Notebook,17.3,1920,1080,0,"  Core i7 7700HQ  ",Intel,2.8,8,"256 ",0,SSD,Nvidia,"Quadro M620M",windows,3,2999
571,Asus,"FX553VD-DM627T (i5-7300HQ/8GB/1TB",Notebook,15.6,1920,1080,0,"  Core i5 7300HQ  ",Intel,2.5,8,"128 ",1024,hybrid,Nvidia,"GTX 1050",windows,2,839
572,Dell,"XPS 13",Ultrabook,13.3,3840,2160,1,"  Core i5 8250U  ",Intel,1.6,8,"128 ",0,SSD,Intel,"Graphics 620",windows,1,1599
573,Dell,"Latitude 5580",Notebook,15.6,1366,768,0,"  Core i5 7300U  ",Intel,2.6,4,"500 ",0,HDD,Intel,"Graphics 620",windows,2,959
574,Fujitsu,"Lifebook A557",Notebook,15.6,1366,768,0,"  Core i5 7200U  ",Intel,2.5,8,1024,0,HDD,Intel,"Graphics 620",windows,2,739
575,Lenovo,"IdeaPad 320-15IAP",Notebook,15.6,1920,1080,0,"  Pentium Quad Core N4200  ",Intel,1.1,4,"500 ",0,HDD,Intel,"Graphics 505",windows,2,344
576,Lenovo,"ThinkPad L470",Notebook,14,1366,768,0,"  Core i5 7200U  ",Intel,2.5,4,"500 ",0,HDD,Intel,"Graphics 620",windows,2,990
577,HP,"ZBook 17",Workstation,17.3,1600,900,0,"  Core i5 7440HQ  ",Intel,2.8,8,"500 ",0,HDD,Nvidia,"Quadro M1200",windows,3,1861
578,HP,"14-am079na (N3710/8GB/2TB/W10)",Notebook,14,1366,768,0,"  Pentium Quad Core N3710  ",Intel,1.6,8,2048,0,HDD,Intel,"Graphics 405",windows,2,389
579,HP,"15-cd005nv (A9-9420/6GB/256GB/Radeon",Notebook,15.6,1920,1080,0,"  A9-Series A9-9420  ",AMD,3,6,"256 ",0,SSD,AMD,"Radeon 530",windows,2,649
580,Lenovo,"Thinkpad E570",Notebook,15.6,1920,1080,0,"  Core i5 7200U  ",Intel,2.5,8,"256 ",0,SSD,Intel,"Graphics 620",windows,2,830
581,Lenovo,"V330-15IKB (i5-8250U/4GB/500GB/FHD/W10)",Notebook,15.6,1920,1080,0,"  Core i5 8250U  ",Intel,1.6,4,"500 ",0,HDD,Intel,"Graphics 620",windows,2,685
582,Mediacom,"SmartBook 141",Notebook,14,1920,1080,0,"  Atom x5-Z8350  ",Intel,1.44,4,"32 ",0,SSD,Intel,"HD Graphics",windows,1,249
583,Toshiba,"Tecra X40-D-10H",Ultrabook,14,1920,1080,1,"  Core i7 7500U  ",Intel,2.7,16,"512 ",0,SSD,Intel,"Graphics 620",windows,1,1865
584,Lenovo,"IdeaPad Y910-17ISK",Gaming,17.3,1920,1080,0,"  Core i7 6820HK  ",Intel,2.7,32,"256 ",1024,hybrid,Nvidia,"GTX 1070",windows,5,2663
585,MSI,"GT73VR Titan",Gaming,17.3,1920,1080,0,"  Core i7 7820HK  ",Intel,2.9,16,"512 ",1024,hybrid,Nvidia,"GTX 1070",windows,4,2729
586,Dell,"Inspiron 3567",Notebook,15.6,1920,1080,0,"  Core i7 7500U  ",Intel,2.7,8,"256 ",0,SSD,AMD,"R5 M430",linux,2,749
587,Mediacom,"SmartBook Edge",Notebook,14,1920,1080,0,"  Celeron Quad Core N3450  ",Intel,1.1,4,"32 ",0,SSD,Intel,"Graphics 500",windows,1,389
588,Dell,"Latitude 5580",Notebook,15.6,1366,768,0,"  Core i5 7300U  ",Intel,2.6,8,"500 ",0,HDD,Intel,"Graphics 620",windows,2,1009
589,HP,"ProBook 430",Notebook,13.3,1920,1080,0,"  Core i3 7100U  ",Intel,2.4,4,"128 ",0,SSD,Intel,"Graphics 620",windows,1,719
590,Dell,"Latitude 5580",Notebook,15.6,1920,1080,0,"  Core i7 7600U  ",Intel,2.8,16,"256 ",0,SSD,Nvidia,"GeForce 930MX",windows,2,1537
591,Dell,"Chromebook 11",Netbook,11.6,1366,768,0,"  Celeron Dual Core N3060  ",Intel,1.6,4,"16 ",0,"flash storage",Intel,"Graphics 400",others,1,295
592,MSI,"GT80S 6QE",Gaming,17.3,1920,1080,0,"  Core i7 6820HK  ",Intel,2.7,16,"128 ",1024,hybrid,Nvidia,"GTX 980M",windows,4,2349
593,HP,"Omen 17-AN010nv",Gaming,17.3,1920,1080,0,"  Core i7 7700HQ  ",Intel,2.8,16,"256 ",1024,hybrid,Nvidia,"GTX 1050",windows,4,1498
594,Lenovo,"Thinkpad T460s",Ultrabook,14,1920,1080,0,"  Core i7 6600U  ",Intel,2.6,12,"256 ",0,SSD,Intel,"Graphics 520",windows,1,1673
595,Lenovo,"Ideapad 320-15IKBR",Notebook,15.6,1366,768,1,"  Core i7 8550U  ",Intel,1.8,12,1024,0,HDD,Intel,"Graphics 620",windows,2,609
596,Asus,"ROG Strix",Gaming,17.3,1920,1080,0,"  Core i5 7300HQ  ",Intel,2.5,8,"128 ",1024,hybrid,Nvidia,"GTX 1060",windows,3,1770
597,Asus,"TP501UA-CJ131T (i5-7200U/8GB/1TB/W10)","2 in 1 Convertible",15.6,1366,768,1,"  Core i5 7200U  ",Intel,2.5,8,1024,0,HDD,Intel,"Graphics 520",windows,2,739
598,Lenovo,"IdeaPad 320-15ABR",Notebook,15.6,1920,1080,0,"  A12-Series 9720P  ",AMD,3.6,12,"512 ",0,SSD,AMD,"Radeon 530",windows,2,949
599,Dell,"Inspiron 3179","2 in 1 Convertible",11.6,1366,768,1,"  Core M 7Y30  ",Intel,1,4,"128 ",0,SSD,Intel,"Graphics 615",windows,1,603
600,Samsung,"Notebook Odyssey",Notebook,15.6,1920,1080,0,"  Core i7 7700HQ  ",Intel,2.8,16,"128 ",1024,hybrid,Nvidia,"GTX 1050",windows,2,1699
601,Lenovo,"V320-17ISK (i3-6006U/4GB/500GB/FHD/No",Notebook,17.3,1920,1080,0,"  Core i3 6006U  ",Intel,2,4,"500 ",0,HDD,Intel,"Graphics 520",N/A,3,529
602,Lenovo,"IdeaPad 110-15ISK",Notebook,15.6,1366,768,0,"  Core i3 6100U  ",Intel,2.3,8,1024,0,HDD,Intel,"Graphics 520",windows,2,459
603,Lenovo,"ThinkPad Yoga","2 in 1 Convertible",13.3,1920,1080,1,"  Core i7 7500U  ",Intel,2.7,8,"512 ",0,SSD,Intel,"Graphics 620",windows,1,2025
604,Lenovo,"Thinkpad T470p",Notebook,14,1920,1080,0,"  Core i5 7300HQ  ",Intel,2.5,8,"256 ",0,SSD,Intel,"Graphics 630",windows,2,1474
605,Dell,"Latitude 5289","2 in 1 Convertible",12.5,1920,1080,1,"  Core i5 7200U  ",Intel,2.5,8,"256 ",0,SSD,Intel,"Graphics 620",windows,1,1670
606,Dell,"Precision 3520",Workstation,15.6,1920,1080,1,"  Core i7 7700HQ  ",Intel,2.8,8,"256 ",0,SSD,Nvidia,"Quadro M620",windows,2,1763
607,HP,"EliteBook 850",Notebook,15.6,1920,1080,0,"  Core i7 7500U  ",Intel,2.7,8,"256 ",0,SSD,Intel,"Graphics 620",windows,2,1219
608,HP,"ProBook 450",Notebook,15.6,1366,768,0,"  Core i3 7100U  ",Intel,2.4,4,"500 ",0,HDD,Intel,"Graphics 620",windows,2,668
609,Acer,"Aspire 1",Notebook,14,1920,1080,0,"  Celeron Quad Core N3450  ",Intel,1.1,4,"32 ",0,"flash storage",Intel,"Graphics 500",windows,2,329
610,MSI,"Laptop MSI",Gaming,17.3,1920,1080,0,"  Core i7 6820HK  ",Intel,2.7,16,"128 ",1024,hybrid,Nvidia,"GTX 970M",windows,4,2199
611,Dell,"Vostro 3568",Notebook,15.6,1366,768,0,"  Core i3 6006U  ",Intel,2,4,1024,0,HDD,AMD,"R5 M420",linux,2,465
612,MSI,"GS63VR 7RF",Gaming,15.6,3840,2160,0,"  Core i7 7700HQ  ",Intel,2.8,16,"256 ",2048,hybrid,Nvidia,"GTX 1060",windows,2,2299
613,Toshiba,"Tecra Z50-C-144",Notebook,15.6,1920,1080,0,"  Core i7 6500U  ",Intel,2.5,8,"256 ",0,SSD,Intel,"Graphics 520",windows,2,1399
614,Lenovo,"IdeaPad 310-15IKB",Notebook,15.6,1920,1080,0,"  Core i5 7200U  ",Intel,2.5,6,1024,0,HDD,Intel,"Graphics 620",windows,2,564
615,Lenovo,"Yoga 720-15IKB","2 in 1 Convertible",15.6,1920,1080,1,"  Core i7 7700HQ  ",Intel,2.8,8,"256 ",0,SSD,Intel,"Graphics 630",windows,2,1299
616,Acer,"Swift SF114-31-P5HY",Notebook,14,1366,768,0,"  Pentium Quad Core N3710  ",Intel,1.6,4,"128 ",0,"flash storage",Intel,"Graphics 405",windows,2,349
617,Lenovo,"Thinkpad P51",Notebook,15.6,3840,2160,0,"  Xeon E3-1535M v6  ",Intel,3.1,32,1024,0,SSD,Nvidia,"Quadro M2200M",windows,2,4899
618,Dell,"Inspiron 7559",Gaming,15.6,1920,1080,0,"  Core i7 6700HQ  ",Intel,2.6,16,1024,0,HDD,Nvidia,"GTX 960<U+039C>",windows,3,879
619,Dell,"Vostro 3568",Notebook,15.6,1366,768,0,"  Core i3 6006U  ",Intel,2,4,1024,0,HDD,Intel,"Graphics 520",linux,2,444
620,Dell,"Inspiron 3567",Notebook,15.6,1366,768,0,"  Core i3 6006U  ",Intel,2,4,1024,0,HDD,Intel,"Graphics 520",linux,2,359
621,Dell,"Latitude 5580",Notebook,15.6,1366,768,0,"  Core i5 7300U  ",Intel,2.6,4,"500 ",0,HDD,Intel,"Graphics 620",linux,2,869
622,Asus,"FX753VD-GC007T (i7-7700HQ/8GB/1TB",Gaming,17.3,1920,1080,0,"  Core i7 7700HQ  ",Intel,2.8,8,"128 ",1024,hybrid,Nvidia,"GTX 1050",windows,3,1168
623,Dell,"Vostro 3568",Notebook,15.6,1920,1080,0,"  Core i5 7200U  ",Intel,2.5,4,"128 ",0,SSD,AMD,"R5 M420",linux,2,569
624,HP,"EliteBook 850",Ultrabook,15.6,1920,1080,0,"  Core i7 7500U  ",Intel,2.7,8,"512 ",0,SSD,Intel,"Graphics 620",windows,2,1389
625,MSI,"GT62VR 7RE",Gaming,15.6,1920,1080,0,"  Core i7 7700HQ  ",Intel,2.8,16,"256 ",1024,hybrid,Nvidia,"GTX 1070",windows,3,2268
626,Acer,"CB5-132T-C9KK (N3160/4GB/32GB/Chrome","2 in 1 Convertible",11.6,1366,768,1,"  Celeron Quad Core N3160  ",Intel,1.6,4,"32 ",0,"flash storage",Intel,"Graphics 400",others,1,379
627,HP,"ProBook 650",Notebook,14,1366,768,0,"  Core i5 7300U  ",Intel,2.6,8,"256 ",0,SSD,Intel,"Graphics 620",windows,2,1124
628,Lenovo,"ThinkPad T470",Notebook,14,1920,1080,0,"  Core i5 6200U  ",Intel,2.3,8,"256 ",0,SSD,Intel,"Graphics 520",windows,2,1465
629,Dell,"Inspiron 5570",Notebook,15.6,1920,1080,0,"  Core i5 8250U  ",Intel,1.6,4,1024,0,HDD,AMD,"Radeon 530",windows,2,776
630,Fujitsu,"LifeBook A557",Notebook,15.6,1366,768,0,"  Core i5 7200U  ",Intel,2.5,8,"256 ",0,SSD,Intel,"Graphics 620",windows,2,799
631,HP,"EliteBook 850",Notebook,15.6,1366,768,0,"  Core i5 6200U  ",Intel,2.3,4,"500 ",0,HDD,Intel,"Graphics 520",windows,2,932
632,Lenovo,"IdeaPad 320-15IKB",Notebook,15.6,1920,1080,0,"  Core i7 7500U  ",Intel,2.7,8,1024,0,HDD,Nvidia,"GeForce 920MX",windows,2,899
633,Mediacom,"SmartBook 140",Notebook,14,1920,1080,0,"  Atom x5-Z8350  ",Intel,1.44,2,"32 ",0,"flash storage",Intel,"HD Graphics",windows,1,239
634,Lenovo,"IdeaPad 320-15IKBN",Notebook,15.6,1920,1080,0,"  Core i5 7200U  ",Intel,2.5,4,"128 ",0,SSD,Intel,"Graphics 620",N/A,2,468
635,Asus,"Q304UA-BHI5T11 (i5-7200U/6GB/1TB/FHD/W10)","2 in 1 Convertible",13.3,1920,1080,1,"  Core i5 7200U  ",Intel,2.5,6,1024,0,HDD,Intel,"Graphics 620",windows,2,639
636,Dell,"XPS 15",Notebook,15.6,1920,1080,0,"  Core i7 7700HQ  ",Intel,2.8,8,"256 ",0,SSD,Nvidia,"GTX 1050",windows,2,1820
637,Asus,"ZenBook 3",Ultrabook,14,1920,1080,0,"  Core i7 7500U  ",Intel,2.7,16,"512 ",0,SSD,Intel,"Graphics 620",windows,1,1900
639,Dell,"Inspiron 7567",Gaming,15.6,1920,1080,0,"  Core i7 7700HQ  ",Intel,2.8,16,"256 ",1024,hybrid,Nvidia,"1050 Ti",windows,3,1479
640,Lenovo,"V330-15IKB (i5-8250U/4GB/256GB/FHD/W10)",Notebook,15.6,1920,1080,0,"  Core i5 8250U  ",Intel,1.6,4,"256 ",0,SSD,Intel,"Graphics 620",windows,2,829
641,Lenovo,"Ideapad 320-15ISK",Notebook,15.6,1920,1080,0,"  Core i3 6006U  ",Intel,2,4,1024,0,HDD,Nvidia,"920MX ",windows,2,579
642,Asus,"X541NA-GO414T (N3350/8GB/1TB/W10)",Notebook,15.6,1366,768,0,"  Celeron Dual Core N3350  ",Intel,1.1,8,1024,0,HDD,Intel,"Graphics 500",windows,2,399
643,Asus,"VivoBook Pro",Notebook,15.6,1920,1080,0,"  Core i5 7300HQ  ",Intel,2.5,8,1024,0,HDD,Nvidia,"GTX 1050",windows,2,907
644,Dell,"XPS 13",Ultrabook,13.3,3200,1800,1,"  Core i5 8250U  ",Intel,1.6,8,"256 ",0,SSD,Intel,"Graphics 620",windows,1,1869
645,Lenovo,"IdeaPad 100S-14IBR",Notebook,14,1366,768,0,"  Celeron Dual Core N3060  ",Intel,1.6,2,"32 ",0,"flash storage",Intel,"Graphics 400",windows,1,249
646,Lenovo,"Thinkpad Yoga","2 in 1 Convertible",13.3,1920,1080,1,"  Core i7 7500U  ",Intel,2.7,8,"256 ",0,SSD,Intel,"Graphics 620",windows,1,1757
647,Dell,"XPS 15",Notebook,15.6,3840,2160,1,"  Core i7 7700HQ  ",Intel,2.8,16,1024,0,SSD,Nvidia,"GTX 1050",windows,2,2399
648,Lenovo,"Legion Y520-15IKBN",Gaming,15.6,1920,1080,0,"  Core i7 7700HQ  ",Intel,2.8,8,"128 ",1024,hybrid,Nvidia,"GTX 1050M",windows,2,1109
649,HP,"17-AK091ND (A9-9420/8GB/1TB/W10)",Notebook,17,1600,900,0,"  A9-Series 9420  ",AMD,3,8,1024,0,HDD,AMD,"Radeon R5",windows,3,521
650,Lenovo,"ThinkPad X1",Ultrabook,14,1920,1080,0,"  Core i7 7500U  ",Intel,2.7,16,"512 ",0,SSD,Intel,"Graphics 620",windows,1,2450
651,Asus,"ROG GL553VE-FY022",Gaming,15.6,1920,1080,0,"  Core i7 7700HQ  ",Intel,2.8,8,1024,0,HDD,Nvidia,"1050 Ti",N/A,2,1169
652,Acer,"Extensa EX2540",Notebook,15.6,1366,768,0,"  Core i3 6006U  ",Intel,2,4,"500 ",0,HDD,Intel,"Graphics 520",windows,2,450
653,Lenovo,"IdeaPad 100S-14IBR",Notebook,14,1366,768,0,"  Celeron Dual Core N3060  ",Intel,1.6,4,"32 ",0,"flash storage",Intel,"HD Graphics",windows,1,274
654,Acer,"Swift 3",Ultrabook,14,1920,1080,0,"  Core i5 7200U  ",Intel,2.5,8,"256 ",0,SSD,Intel,"Graphics 620",windows,2,919
655,Razer,"Blade Pro",Gaming,14,1920,1080,0,"  Core i7 7700HQ  ",Intel,2.8,16,"256 ",0,SSD,Nvidia,"GTX 1060",windows,2,2599
656,Toshiba,"Portege Z30-C-16J",Notebook,13.3,1920,1080,0,"  Core i5 6200U  ",Intel,2.3,8,"256 ",0,SSD,Intel,"Graphics 520",windows,1,1213
657,Lenovo,"Thinkpad X270",Ultrabook,12.5,1920,1080,0,"  Core i7 7500U  ",Intel,2.7,8,"256 ",0,SSD,Intel,"Graphics 620",windows,1,1584
658,Asus,"ROG G701VI",Gaming,17.3,1920,1080,0,"  Core i7 6820HK  ",Intel,2.7,32,"512 ",0,SSD,Nvidia,"GTX 1080",windows,4,2799
659,Acer,"A715-71G-59DH (i5-7300HQ/8GB/1TB/GeForce",Gaming,15.6,1920,1080,0,"  Core i5 7300HQ  ",Intel,2.5,8,1024,0,HDD,Nvidia,"GTX 1050",linux,2,709
660,Dell,"XPS 13",Ultrabook,13.3,1920,1080,0,"  Core i5 8250U  ",Intel,1.6,8,"256 ",0,SSD,Intel,"Graphics 620",windows,1,1450
661,MSI,"GL62M 7REX",Gaming,15.6,1920,1080,0,"  Core i7 7700HQ  ",Intel,2.8,8,"128 ",1024,hybrid,Nvidia,"1050 Ti",windows,2,1192
662,HP,"250 G6",Notebook,15.6,1366,768,0,"  Core i3 6006U  ",Intel,2,4,"500 ",0,HDD,Intel,"Graphics 520",N/A,2,365
663,Toshiba,"Tecra A50-D-11M",Notebook,15.6,1920,1080,0,"  Core i5 7200U  ",Intel,2.5,8,"500 ",0,HDD,Intel,"Graphics 620",windows,2,1064
664,Dell,"Inspiron 5570",Notebook,15.6,1920,1080,0,"  Core i7 8550U  ",Intel,1.8,8,"256 ",0,SSD,AMD,"Radeon 530",windows,2,919
665,Dell,"Inspiron 5570",Notebook,15.6,1920,1080,0,"  Core i7 8550U  ",Intel,1.8,16,"256 ",2048,hybrid,AMD,"Radeon 530",windows,2,1135
666,Lenovo,"IdeaPad Y700-15ISK",Gaming,15.6,1920,1080,0,"  Core i7 6700HQ  ",Intel,2.6,8,"128 ",1024,hybrid,Nvidia,"GTX 960",windows,3,1196
667,Dell,"Alienware 17",Gaming,17.3,3840,2160,0,"  Core i7 7700HQ  ",Intel,2.8,32,"512 ",1024,hybrid,Nvidia,"GTX 1070",windows,4,3147
668,Dell,"Latitude E7470",Notebook,14,1920,1080,0,"  Core i5 6300U  ",Intel,2.4,8,"256 ",0,SSD,Intel,"Graphics 520",windows,2,1229
669,Lenovo,"Ideapad 320-15IAP",Notebook,15.6,1366,768,0,"  Celeron Dual Core N3350  ",Intel,1.1,4,"500 ",0,HDD,Intel,"Graphics 500",windows,2,419
670,Lenovo,"IdeaPad 320-15ISK",Notebook,15.6,1920,1080,0,"  Core i5 6200U  ",Intel,2.3,4,"500 ",0,HDD,Intel,"Graphics 520",windows,2,535
671,HP,"15-ay047nv (i3-6006U/6GB/1TB/Radeon",Notebook,15.6,1920,1080,0,"  Core i3 6006U  ",Intel,2,6,1024,0,HDD,AMD,"R5 M430",windows,2,539
672,MSI,"GP72VR Leopard",Gaming,17.3,1920,1080,0,"  Core i7 7700HQ  ",Intel,2.8,8,"128 ",1024,hybrid,Nvidia,"GTX 1060",windows,3,1487
673,Toshiba,"Satellite Pro",Notebook,15.6,1366,768,0,"  Core i3 6100U  ",Intel,2.1,4,"128 ",0,SSD,Intel,"Graphics 520",windows,2,498
674,Dell,"Latitude 3580",Notebook,15.6,1920,1080,0,"  Core i5 7200U  ",Intel,2.5,8,1024,0,HDD,Intel,"Graphics 620",windows,2,955
675,HP,"15-bs012nv (i7-7500U/8GB/1TB/Radeon",Notebook,15.6,1920,1080,0,"  Core i7 7500U  ",Intel,2.7,8,1024,0,HDD,AMD,"Radeon 530",windows,2,745
676,Toshiba,"Tecra Z50-D-10E",Notebook,15.6,1920,1080,0,"  Core i5 7200U  ",Intel,2.5,8,"256 ",0,SSD,Intel,"Graphics 620",windows,2,1258
677,Acer,"Aspire 3",Notebook,15.6,1366,768,0,"  Core i3 6006U  ",Intel,2,4,"128 ",0,SSD,Intel,"Graphics 520",linux,2,412
678,Microsoft,"Surface Laptop",Ultrabook,13.5,2256,1504,1,"  Core i7 7600U  ",Intel,2.8,8,"256 ",0,SSD,Intel,"Graphics 640",windows,1,1868
679,Lenovo,"V310-15ISK (i5-7200U/8GB/1TB",Notebook,15.6,1920,1080,0,"  Core i5 7200U  ",Intel,2.5,8,"128 ",1024,hybrid,AMD,"R5 M430",windows,2,818
680,Lenovo,"Yoga 720-13IKB","2 in 1 Convertible",13.3,1920,1080,1,"  Core i5 7200U  ",Intel,2.5,8,"256 ",0,SSD,Intel,"Graphics 620",windows,1,1034
681,Lenovo,"IdeaPad 320-15AST",Notebook,15.6,1366,768,0,"  E-Series E2-9000  ",AMD,2.2,4,"128 ",0,SSD,AMD,"R2 Graphics",windows,2,349
682,HP,"Pavilion X360","2 in 1 Convertible",14,1920,1080,1,"  Core i3 7100U  ",Intel,2.4,4,"128 ",0,SSD,Nvidia,"GeForce 940MX",windows,2,699
683,MSI,"GP62 7RDX",Gaming,15.6,1920,1080,0,"  Core i7 7700HQ  ",Intel,2.8,16,"256 ",1024,hybrid,Nvidia,"GTX 1050",windows,2,1294
684,Asus,"Zenbook 3",Ultrabook,14,1920,1080,0,"  Core i5 7200U  ",Intel,2.5,8,"256 ",0,SSD,Intel,"Graphics 620",windows,1,1135
685,HP,"Chromebook X360","2 in 1 Convertible",11.6,1366,768,1,"  Celeron Dual Core N3350  ",Intel,1.1,8,"64 ",0,"flash storage",Intel,"Graphics 500",others,1,495
686,LG,"Gram 15Z975",Ultrabook,15.6,1920,1080,0,"  Core i7 8550U  ",Intel,1.8,8,"512 ",0,SSD,Intel,"Graphics 620",windows,1,2299
687,Acer,"Aspire VX5-591G",Gaming,15.6,1920,1080,0,"  Core i5 7300HQ  ",Intel,2.5,16,"256 ",0,SSD,Nvidia,"1050 Ti",windows,2,1299
688,MSI,"GV62M 7RD",Gaming,15.6,1920,1080,0,"  Core i5 7300HQ  ",Intel,2.5,8,"256 ",0,SSD,Nvidia,"GTX 1050",windows,2,998
689,Asus,"L502NA-GO052T (N3350/4GB/128GB/W10)",Notebook,15.6,1366,768,0,"  Celeron Dual Core N3350  ",Intel,1.1,4,"128 ",0,SSD,Intel,"Graphics 500",windows,2,419
690,Dell,"Alienware 15",Gaming,15.6,1920,1080,0,"  Core i5 7300HQ  ",Intel,2.5,16,"128 ",1024,hybrid,Nvidia,"GTX 1060",windows,3,2051
691,HP,"17-bs000nv I3",Notebook,17.3,1920,1080,0,"  Core i3 6006U  ",Intel,2,4,"256 ",0,SSD,AMD,"R5 520",windows,2,699
692,Lenovo,"Yoga 730","2 in 1 Convertible",13.3,1920,1080,1,"  Core i7 8550U  ",Intel,1.8,8,"512 ",0,SSD,Intel,"Graphics 620",windows,1,1499
693,Dell,"Alienware 15",Gaming,15.6,1920,1080,0,"  Core i7 7820HK  ",Intel,2.9,16,"256 ",1024,hybrid,Nvidia,"GTX 1070",windows,3,2814
694,HP,"250 G6",Notebook,15.6,1366,768,0,"  Core i5 7200U  ",Intel,2.5,4,"500 ",0,HDD,AMD,"Radeon 520",windows,2,613
695,Dell,"Inspiron 3567",Notebook,15.6,1366,768,0,"  Core i3 6006U  ",Intel,2,4,1024,0,HDD,AMD,"R5 M430",windows,2,546
696,HP,"17-Y002nv (A10-9600P/6GB/2TB/Radeon",Notebook,17.3,1920,1080,0,"  A10-Series 9600P  ",AMD,2.4,6,2048,0,HDD,AMD,"R7 M440",windows,3,569
697,Lenovo,"V110-15ISK (3855U/4GB/500GB/W10)",Notebook,15.6,1366,768,0,"  Celeron Dual Core 3855U  ",Intel,1.6,4,"500 ",0,HDD,Intel,"Graphics 510",windows,2,318
698,Acer,"Chromebook 14",Notebook,14,1366,768,0,"  Celeron Dual Core 3855U  ",Intel,1.6,4,"32 ",0,"flash storage",Intel,"Graphics 510",others,1,375
699,Lenovo,"IdeaPad 520s-14IKB",Notebook,14,1920,1080,0,"  Core i5 7200U  ",Intel,2.5,4,"256 ",0,SSD,Intel,"Graphics 620",windows,2,699
700,HP,"ZBook 17",Workstation,17.3,1920,1080,0,"  Core i7 7700HQ  ",Intel,2.8,8,"500 ",0,HDD,Nvidia,"Quadro M1200",windows,3,1908
701,Lenovo,"ThinkPad X1","2 in 1 Convertible",14,2560,1440,1,"  Core i7 7500U  ",Intel,2.7,8,"256 ",0,SSD,Intel,"Graphics 620",windows,1,2590
702,Toshiba,"Satellite Pro",Notebook,13.3,1920,1080,0,"  Core i5 7200U  ",Intel,2.5,8,"256 ",0,SSD,Intel,"Graphics 620",windows,2,973
703,Acer,"TravelMate B117-M",Netbook,11.6,1366,768,0,"  Celeron Dual Core N3050  ",Intel,1.6,4,"32 ",0,"flash storage",Intel,"HD Graphics",windows,1,269
704,Lenovo,"Yoga 910-13IKB","2 in 1 Convertible",14,1920,1080,1,"  Core i7 7500U  ",Intel,2.7,16,"512 ",0,SSD,Intel,"Graphics 620",windows,1,1749
705,Asus,"Chromebook Flip","2 in 1 Convertible",12.5,1920,1080,1,"  Core M M3-6Y30  ",Intel,0.9,4,"64 ",0,"flash storage",Intel,"Graphics 515",others,1,669
706,Toshiba,"Portege Z30T-C-133",Ultrabook,13.3,1920,1080,1,"  Core i7 6500U  ",Intel,2.5,16,"512 ",0,SSD,Intel,"Graphics 520",windows,1,1877
707,HP,"15-bs011nv (i7-7500U/4GB/500GB/Radeon",Notebook,15.6,1920,1080,0,"  Core i7 7500U  ",Intel,2.7,4,"500 ",0,HDD,AMD,"Radeon 530",windows,2,689
708,Dell,"Inspiron 5577",Gaming,15.6,1920,1080,0,"  Core i5 7300HQ  ",Intel,2.5,8,1024,0,HDD,Nvidia,"GTX 1050",windows,3,819
709,Lenovo,"IdeaPad 320-15AST",Notebook,15.6,1920,1080,0,"  A9-Series 9420  ",AMD,2.9,4,"256 ",0,SSD,AMD,"Radeon 530",windows,2,399
710,Lenovo,"IdeaPad 320-15ABR",Notebook,15.6,1366,768,0,"  A12-Series 9720P  ",AMD,3.6,8,1024,0,HDD,AMD,"Radeon R7",windows,2,429
711,Lenovo,"V310-15IKB (i5-7200U/4GB/1TB/FHD/W10)",Notebook,15.6,1920,1080,0,"  Core i5 7200U  ",Intel,2.5,4,1024,0,HDD,Intel,"Graphics 620",windows,2,621
712,Lenovo,"V310-15ISK (i3-6006U/4GB/500GB/No",Notebook,15.6,1366,768,0,"  Core i3 6006U  ",Intel,2,4,"500 ",0,HDD,Intel,"Graphics 520",N/A,2,450
713,Dell,"Vostro 5568",Notebook,15.6,1920,1080,0,"  Core i5 7200U  ",Intel,2.5,8,"256 ",0,SSD,Intel,"Graphics 620",windows,2,795
714,Acer,"Spin 5","2 in 1 Convertible",13.3,1920,1080,1,"  Core i5 8250U  ",Intel,1.6,8,"256 ",0,SSD,Intel,"Graphics 620",windows,2,999
715,Lenovo,"ThinkPad P51s",Workstation,15.6,1920,1080,0,"  Core i7 6500U  ",Intel,2.5,16,"512 ",0,SSD,Nvidia,"Quadro M520M",windows,2,1855
716,Lenovo,"Thinkpad T460p",Notebook,14,1920,1080,0,"  Core i5 6300HQ  ",Intel,2.3,8,"256 ",0,SSD,Intel,"Graphics 520",windows,2,1191
717,HP,"17-ak002nv (A10-9620P/6GB/2TB/Radeon",Notebook,17.3,1920,1080,0,"  A10-Series 9620P  ",AMD,2.5,6,2048,0,HDD,AMD,"Radeon 530",windows,3,655
718,Lenovo,"Legion Y520-15IKBN",Gaming,15.6,1920,1080,0,"  Core i7 7700HQ  ",Intel,2.8,8,"128 ",1024,hybrid,Nvidia,"1050 Ti",windows,2,1249
719,Dell,"Latitude 5480",Notebook,14,1920,1080,0,"  Core i5 7440HQ  ",Intel,2.8,8,"256 ",0,SSD,Nvidia,"GeForce 930MX",linux,2,1089
720,Dell,"Vostro 5568",Notebook,15.6,1920,1080,0,"  Core i5 7200U  ",Intel,2.5,8,1024,0,HDD,Intel,"Graphics 620",linux,2,726
721,Asus,"VivoBook E403NA",Notebook,14,1920,1080,0,"  Celeron Dual Core N3350  ",Intel,1.1,4,"32 ",0,"flash storage",Intel,"Graphics 500",windows,2,298
722,Dell,"Latitude 5580",Notebook,15.6,1920,1080,0,"  Core i5 7300U  ",Intel,2.6,16,"512 ",0,SSD,Intel,"Graphics 620",windows,2,1427
723,Lenovo,"Thinkpad E470",Notebook,14,1920,1080,0,"  Core i5 7200U  ",Intel,2.5,8,"256 ",0,SSD,Nvidia,"GeForce 920MX",windows,2,857
724,Dell,"Latitude 5580",Notebook,15.6,1920,1080,0,"  Core i5 7300U  ",Intel,2.6,8,"256 ",0,SSD,Intel,"Graphics 620",windows,2,1179
725,Lenovo,"110-15ACL (A6-7310/4GB/500GB/W10)",Notebook,15.6,1366,768,0,"  A6-Series 7310  ",AMD,2,4,"500 ",0,HDD,AMD,"Radeon R4",windows,2,298
726,Mediacom,"Smartbook 142",Notebook,14,1920,1200,0,"  Atom Z8350  ",Intel,1.92,4,"32 ",0,HDD,Intel,"Graphics 400",windows,1,265
727,HP,"ProBook 470",Notebook,17.3,1920,1080,0,"  Core i7 7500U  ",Intel,2.7,8,"256 ",0,SSD,Nvidia,"GeForce 930MX",windows,3,1200
728,Lenovo,"ThinkPad X1",Ultrabook,14,2560,1440,0,"  Core i7 6500U  ",Intel,2.5,8,"512 ",0,SSD,Intel,"Graphics 520",windows,1,1687
729,HP,"Pavilion X360","2 in 1 Convertible",13.3,1366,768,1,"  Core i5 7200U  ",Intel,2.5,8,"256 ",0,SSD,Intel,"Graphics 620",windows,2,837
730,Lenovo,"ThinkPad T470s",Ultrabook,14,1920,1080,0,"  Core i5 7200U  ",Intel,2.5,8,"256 ",0,SSD,Intel,"Graphics 620",windows,1,1499
731,Dell,"Alienware 17",Gaming,17.3,3840,2160,0,"  Core i7 7700HQ  ",Intel,2.8,32,1024,1024,hybrid,Nvidia,"GTX 1070",windows,4,3659
732,MSI,"GL72M 7REX",Gaming,17.3,1920,1080,0,"  Core i7 7700HQ  ",Intel,2.8,8,"128 ",1024,hybrid,Nvidia,"1050 Ti",windows,3,1348
733,Lenovo,"V310-15IKB (i5-7200U/4GB/1TB/No",Notebook,15.6,1366,768,0,"  Core i5 7200U  ",Intel,2.5,4,1024,0,HDD,Intel,"Graphics 620",N/A,2,490
734,Dell,"Inspiron 5570",Notebook,15.6,1920,1080,0,"  Core i5 8250U  ",Intel,1.6,8,"128 ",1024,hybrid,AMD,"Radeon 530",windows,2,719
735,Dell,"Inspiron 5378","2 in 1 Convertible",13.3,1920,1080,1,"  Core i3 7100U  ",Intel,2.4,4,1024,0,HDD,Intel,"Graphics 620",windows,2,649
736,Dell,"Inspiron 5567",Notebook,15.6,1366,768,0,"  Core i5 7200U  ",Intel,2.5,8,1024,0,HDD,AMD,"R7 M445",linux,2,590
737,HP,"15-BW037na (A9-9420/4GB/1TB/Radeon",Notebook,15.6,1920,1080,0,"  A9-Series 9420  ",AMD,3,4,1024,0,HDD,AMD,"Radeon 520",windows,2,489
738,Acer,"Predator 17",Gaming,17.3,1920,1080,0,"  Core i7 6700HQ  ",Intel,2.6,16,"128 ",1024,hybrid,Nvidia,"GTX 1060",windows,4,1935
739,Dell,"Inspiron 3567",Notebook,15.6,1366,768,0,"  Core i5 7200U  ",Intel,2.5,12,1024,0,HDD,Intel,"Graphics 620",windows,2,649
740,HP,"15-BW091ND (A9-9420/6GB/1TB",Notebook,15.6,1920,1080,0,"  A9-Series A9-9420  ",AMD,3,6,"128 ",1024,hybrid,AMD,"Radeon 520",windows,2,650
741,Acer,"Extensa EX2540-58KR",Notebook,15.6,1366,768,0,"  Core i5 7200U  ",Intel,2.5,4,"500 ",0,HDD,Intel,"Graphics 620",windows,2,559
742,Lenovo,"ThinkPad 13",Notebook,13.3,1920,1080,0,"  Core i5 7200U  ",Intel,2.5,8,"256 ",0,SSD,Intel,"Graphics 620",windows,1,960
743,Lenovo,"V310-15IKB (i7-7500U/4GB/1TB/FHD/W10)",Notebook,15.6,1920,1080,0,"  Core i7 7500U  ",Intel,2.7,4,1024,0,HDD,Intel,"Graphics 620",windows,2,779
744,HP,"ZBook 15",Workstation,15.6,1920,1080,0,"  Core i7 7700HQ  ",Intel,2.8,16,"256 ",0,SSD,Nvidia,"Quadro M2200",windows,3,2419
745,Dell,"Inspiron 5379","2 in 1 Convertible",13.3,1920,1080,1,"  Core i5 8250U  ",Intel,1.6,8,1024,0,HDD,Intel,"Graphics 620",windows,2,659
746,MSI,"GS63VR 7RF",Gaming,15.6,1920,1080,0,"  Core i7 7700HQ  ",Intel,2.8,16,"256 ",1024,hybrid,Nvidia,"GTX 1060",windows,2,2094
747,Acer,"Aspire ES1-572",Notebook,15.6,1366,768,0,"  Core i3 6006U  ",Intel,2,4,"500 ",0,HDD,Intel,"Graphics 520",windows,2,411
748,Dell,"Inspiron 7560",Notebook,15.6,1920,1080,0,"  Core i7 7500U  ",Intel,2.7,8,"128 ",1024,hybrid,Nvidia,"GeForce 940MX",windows,2,1207
749,Dell,"Vostro 3568",Notebook,15.6,1366,768,0,"  Core i3 6006U  ",Intel,2,8,"256 ",0,SSD,Intel,"Graphics 520",windows,2,665
750,Toshiba,"Tecra X40-D-10G",Notebook,14,1920,1080,1,"  Core i5 7200U  ",Intel,2.5,8,"256 ",0,SSD,Intel,"Graphics 620",windows,1,1535
751,Lenovo,"Flex 5","2 in 1 Convertible",14,1920,1080,1,"  Core i5 7200U  ",Intel,2.5,8,"256 ",0,SSD,Intel,"Graphics 620",windows,2,999
752,Lenovo,"Thinkpad P51s",Workstation,15.6,3840,2160,0,"  Core i7 7600U  ",Intel,2.8,16,1024,0,SSD,Nvidia,"Quadro M520M",windows,2,3299
753,Acer,"Chromebook 14",Notebook,14,1366,768,0,"  Celeron Dual Core N3060  ",Intel,1.6,2,"32 ",0,"flash storage",Intel,"Graphics 400",others,2,330
754,Samsung,"Notebook 9",Ultrabook,13.3,1920,1080,0,"  Core i7 7500U  ",Intel,2.7,16,"256 ",0,SSD,Intel,"Graphics 620",windows,1,1649
755,HP,"250 G6",Notebook,15.6,1920,1080,0,"  Core i3 6006U  ",Intel,2,8,"256 ",0,SSD,Intel,"Graphics 520",windows,2,539
757,Dell,"Latitude 5480",Notebook,14,1366,768,0,"  Core i5 7200U  ",Intel,2.5,8,"256 ",0,SSD,Intel,"Graphics 620",windows,2,1127
758,HP,"Zbook 17",Workstation,17.3,1920,1080,0,"  Xeon E3-1535M v5  ",Intel,2.9,16,"256 ",0,SSD,Nvidia,"Quadro M2000M",windows,3,4389
759,Lenovo,"N23 (N3060/4GB/128GB/W10)",Netbook,11.6,1366,768,1,"  Celeron Dual Core N3060  ",Intel,1.6,4,"128 ",0,SSD,Intel,"Graphics 400",windows,1,475
760,HP,"EliteBook 850",Notebook,15.6,1920,1080,0,"  Core i5 6300U  ",Intel,2.4,8,"256 ",0,SSD,Intel,"Graphics 520",windows,2,1900
761,Asus,"X550VX-XX015D (i5-6300HQ/4GB/1TB/GeForce",Notebook,15.6,1366,768,0,"  Core i5 6300HQ  ",Intel,2.3,4,1024,0,HDD,Nvidia,"GTX 950M",N/A,2,579
762,Lenovo,"Thinkpad T460",Ultrabook,14,1920,1080,0,"  Core i5 6200U  ",Intel,2.3,4,"180 ",0,SSD,Intel,"Graphics 520",windows,2,1096
763,Asus,"Pro P2540UA-XO0192R",Notebook,15.6,1366,768,0,"  Core i7 7500U  ",Intel,2.7,4,"256 ",0,SSD,Intel,"Graphics 620",windows,2,850
764,Lenovo,"Yoga 900-13ISK","2 in 1 Convertible",13.3,3200,1800,1,"  Core i5 6260U  ",Intel,1.8,8,"256 ",0,SSD,Intel,"Graphics 540",windows,1,1199
765,HP,"15-cb003na (i5-7300HQ/8GB/1TB",Notebook,15.6,1920,1080,0,"  Core i5 7300HQ  ",Intel,2.5,8,"128 ",1024,hybrid,Nvidia,"GTX 1050",windows,2,1099
766,HP,"ZBook 15",Workstation,15.6,1920,1080,0,"  Core i7 6700HQ  ",Intel,2.6,8,"256 ",0,SSD,Nvidia,"Quadro M1000M",windows,3,1561
767,Dell,"Alienware 17",Gaming,15.6,3840,2160,0,"  Core i7 7700HQ  ",Intel,2.8,16,"256 ",1024,hybrid,Nvidia,"GTX 1070",windows,4,2869
768,Acer,"Aspire 3",Notebook,15.6,1366,768,0,"  Core i5 7200U  ",Intel,2.5,4,"256 ",0,SSD,Intel,"Graphics 620",windows,2,599
769,Lenovo,"Legion Y520-15IKBN",Gaming,15.6,1920,1080,0,"  Core i7 7700HQ  ",Intel,2.8,8,"128 ",1024,hybrid,Nvidia,"GTX 1050",windows,2,1048
770,Dell,"Latitude 7280",Ultrabook,12.5,1920,1080,0,"  Core i7 7600U  ",Intel,2.8,16,"256 ",0,SSD,Intel,"Graphics 620",windows,1,1859
771,Google,"Pixelbook (Core",Ultrabook,12.3,2400,1600,1,"  Core i5 7Y57  ",Intel,1.2,8,"256 ",0,SSD,Intel,"Graphics 615",others,1,1559
772,Asus,"Zenbook UX330UA-AH5Q",Ultrabook,13.3,3200,1800,0,"  Core i5 7200U  ",Intel,2.5,8,"256 ",0,SSD,Intel,"Graphics 620",windows,1,1129
773,Dell,"Latitude 3380",Notebook,13.3,1366,768,0,"  Core i3 6006U  ",Intel,2,4,"500 ",0,HDD,Intel,"Graphics 520",windows,2,849
774,Acer,"TravelMate P238-M",Notebook,13.3,1366,768,0,"  Core i5 6200U  ",Intel,2.3,4,"128 ",0,SSD,Intel,"Graphics 520",windows,2,655
775,Asus,"X751NV-TY001 (N4200/4GB/1TB/GeForce",Notebook,17.3,1366,768,0,"  Pentium Quad Core N4200  ",Intel,1.1,4,1024,0,HDD,Nvidia,"GeForce 920MX",windows,3,470
776,Dell,"Inspiron 7559",Gaming,15.6,3840,2160,1,"  Core i7 6700HQ  ",Intel,2.6,16,"128 ",1024,hybrid,Nvidia,"GTX 960M",windows,3,1099
777,Samsung,"Notebook 9",Ultrabook,13.3,1920,1080,1,"  Core i7 7500U  ",Intel,2.7,8,"256 ",0,SSD,Intel,"Graphics 620",windows,1,1599
778,Acer,"Aspire A315-31",Notebook,15.6,1366,768,0,"  Pentium Quad Core N4200  ",Intel,1.1,4,1024,0,HDD,Intel,"Graphics 505",linux,2,298
779,Dell,"Inspiron 5567",Notebook,15.6,1920,1080,0,"  Core i7 7500U  ",Intel,2.7,16,"256 ",0,SSD,AMD,"R7 M445",windows,2,1181
780,Samsung,"Notebook 9","2 in 1 Convertible",15,1920,1080,1,"  Core i7 7500U  ",Intel,2.7,16,"256 ",0,SSD,AMD,"Radeon 540",windows,2,1799
781,Toshiba,"Tecra A40-C-1E5",Notebook,14,1366,768,0,"  Core i5 6200U  ",Intel,2.3,4,"128 ",0,SSD,Intel,"Graphics 520",windows,2,1020
782,Dell,"Inspiron 7567",Gaming,15.6,1920,1080,0,"  Core i7 7700HQ  ",Intel,2.8,8,1024,0,HDD,Nvidia,"GTX 1050",windows,3,1099
783,HP,"EliteBook 820",Ultrabook,12.5,1366,768,0,"  Core i5 6200U  ",Intel,2.3,4,"256 ",0,SSD,Intel,"Graphics 520",windows,1,1244
784,Asus,"Q524UQ-BHI7T15 (i7-7500U/12GB/2TB/GeForce","2 in 1 Convertible",15.6,1920,1080,1,"  Core i7 7500U  ",Intel,2.7,12,2048,0,HDD,Nvidia,"GeForce 940MX",windows,2,839
785,Lenovo,"Thinkpad P50",Notebook,15.6,3840,2160,0,"  Core i7 6820HQ  ",Intel,2.7,16,"512 ",0,SSD,Nvidia,"Quadro M2000M",windows,2,2370
786,Acer,"Swift 3",Notebook,14,1920,1080,0,"  Core i3 7100U  ",Intel,2.4,4,"128 ",0,SSD,Intel,"Graphics 620",windows,2,636
787,Razer,"Blade Pro",Gaming,14,1920,1080,0,"  Core i7 7700HQ  ",Intel,2.8,16,"512 ",0,SSD,Nvidia,"GTX 1060",windows,2,2899
788,Asus,"Vivobook Max",Notebook,15.6,1920,1080,0,"  Pentium Dual Core N4200  ",Intel,1.1,8,"128 ",0,SSD,Intel,"Graphics 505",windows,2,582
789,Dell,"Alienware 17",Gaming,17.3,1920,1080,0,"  Core i7 7700HQ  ",Intel,2.8,32,1024,1024,hybrid,Nvidia,"GTX 1070M",windows,4,3589
790,Asus,"Rog G752VS-BA171T",Gaming,17.3,1920,1080,0,"  Core i7 6700HQ  ",Intel,2.6,16,"256 ",1024,hybrid,Nvidia,"GTX 1070",windows,4,2350
791,Toshiba,"Tecra Z40-C-161",Ultrabook,14,1920,1080,0,"  Core i7 6600U  ",Intel,2.6,16,"512 ",0,SSD,Nvidia,"GeForce 930M",windows,1,1764
792,Lenovo,"IdeaPad 110-15IBR",Notebook,15.6,1366,768,0,"  Celeron Quad Core N3710  ",Intel,1.6,8,1024,0,HDD,Intel,"Graphics 405",N/A,2,329
793,Lenovo,"ThinkPad T470s",Ultrabook,14,1920,1080,0,"  Core i7 7500U  ",Intel,2.7,16,"512 ",0,SSD,Intel,"Graphics 620",windows,2,2299
794,MSI,"GS43VR 7RE",Gaming,14,1920,1080,0,"  Core i7 7700HQ  ",Intel,2.8,16,"256 ",1024,hybrid,Nvidia,"GTX 1060",windows,2,1891
795,MSI,"GL62M (i5-7300HQ/8GB/1TB",Gaming,15.6,1920,1080,0,"  Core i5 7300HQ  ",Intel,2.5,8,"128 ",1024,hybrid,Nvidia,"GTX 1050",windows,2,1089
796,Lenovo,"Legion Y520-15IKBN",Gaming,15.6,1920,1080,0,"  Core i7 7700HQ  ",Intel,2.8,4,1024,0,HDD,Nvidia,"GTX 1050",windows,2,999
797,Acer,"Predator G9-793",Gaming,17.3,1920,1080,0,"  Core i7 7700HQ  ",Intel,2.8,16,"256 ",1024,hybrid,Nvidia,"GTX 1060",windows,4,2299
798,Dell,"Inspiron 7567",Gaming,15.6,1920,1080,0,"  Core i5 7300HQ  ",Intel,2.5,8,"256 ",0,SSD,Nvidia,"GTX 1050",windows,3,985
799,Asus,"FX502VM-DM560T (i7-7700HQ/8GB/1TB",Gaming,15.6,1920,1080,0,"  Core i7 7700HQ  ",Intel,2.8,8,"128 ",1024,hybrid,Nvidia,"GeForce GTX1060",windows,2,1339
800,Vero,"K146 (N3350/4GB/32GB/W10)",Notebook,14,1920,1080,0,"  Celeron Dual Core N3350  ",Intel,1.1,4,"32 ",0,"flash storage",Intel,"Graphics 500",windows,1,203
801,Lenovo,"ThinkPad Yoga","2 in 1 Convertible",13.3,1920,1080,1,"  Core i7 7500U  ",Intel,2.7,8,"512 ",0,SSD,Intel,"Graphics 620",windows,1,1970
802,Lenovo,"Yoga 510-15IKB","2 in 1 Convertible",15.6,1920,1080,1,"  Core i5 7200U  ",Intel,2.5,8,"256 ",0,SSD,AMD,"R7 M460",windows,2,959
803,Apple,"MacBook 12""",Ultrabook,12,2304,1440,0,"  Core M  ",Intel,1.2,8,"512 ",0,"flash storage",Intel,"Graphics 5300",macos,1,1165
804,Lenovo,"ThinkPad X1","2 in 1 Convertible",14,2560,1440,1,"  Core i5 7200U  ",Intel,2.5,8,"256 ",0,SSD,Intel,"Graphics 620",windows,1,2330
805,Asus,"R417NA-RS01 (N3350/4GB/32GB/W10)",Notebook,14,1366,768,0,"  Celeron Dual Core N3350  ",Intel,1.1,4,"32 ",0,"flash storage",Intel,"Graphics 500",windows,2,299
806,Dell,"Latitude 3580",Notebook,15.6,1366,768,0,"  Core i5 7200U  ",Intel,2.5,8,"128 ",0,SSD,Intel,"Graphics 620",windows,2,810
807,Lenovo,"Yoga 910-13IKB","2 in 1 Convertible",13.9,1920,1080,1,"  Core i7 7500U  ",Intel,2.7,8,"256 ",0,SSD,Intel,"Graphics 620",windows,1,1349
808,Dell,"Vostro 5568",Notebook,15.6,1920,1080,0,"  Core i3 6006U  ",Intel,2,8,"256 ",0,SSD,AMD,"R5 M420X",windows,2,739
809,HP,"ZBook 17",Workstation,15.6,1920,1080,0,"  Core i7 7700HQ  ",Intel,2.8,8,"256 ",0,SSD,Nvidia,"Quadro M2200",windows,3,2065
810,Asus,"Pro P2540UA-XS51",Notebook,15.6,1920,1080,0,"  Core i5 7200U  ",Intel,2.5,8,"256 ",0,SSD,Intel,"Graphics 620",windows,2,1099
811,Dell,"XPS 13",Ultrabook,13.3,1920,1080,0,"  Core i5 7200U  ",Intel,2.5,8,"256 ",0,SSD,Intel,"Graphics 620",windows,1,1499
812,Dell,"XPS 15",Notebook,15.6,3840,2160,1,"  Core i5 7300HQ  ",Intel,2.5,8,"256 ",0,SSD,Nvidia,"GTX 1050",windows,2,1749
813,Dell,"Latitude 3180",Netbook,11.6,1366,768,0,"  Pentium Quad Core N4200  ",Intel,1.1,4,"128 ",0,SSD,Intel,"Graphics 505",windows,2,744
814,HP,"EliteBook 820",Netbook,12.5,1366,768,0,"  Core i5 7300U  ",Intel,2.6,8,"256 ",0,SSD,Intel,"Graphics 620",windows,1,1389
815,Toshiba,"Satellite Pro",Notebook,15.6,1366,768,0,"  Core i5 6200U  ",Intel,2.3,4,"500 ",0,HDD,Intel,"Graphics 520",windows,2,780
816,HP,"15-ba043na (A12-9700P/8GB/2TB/W10)",Notebook,15.6,1366,768,0,"  A12-Series 9700P  ",AMD,2.5,8,2048,0,HDD,AMD,"R7 Graphics",windows,2,629
817,Dell,"Inspiron 7567",Gaming,15.6,3840,2160,0,"  Core i7 7700HQ  ",Intel,2.8,16,"512 ",0,SSD,Nvidia,"1050 Ti",windows,3,1679
818,Lenovo,"IdeaPad 310-15IKB",Notebook,15.6,1920,1080,0,"  Core i5 7200U  ",Intel,2.5,4,1024,0,HDD,Nvidia,"GeForce 920M",windows,2,609
819,HP,"Omen 17-an012dx",Gaming,17.3,1920,1080,0,"  Core i7 7700HQ  ",Intel,2.8,12,1024,0,HDD,AMD,"RX 580",windows,4,1749
820,MSI,"GE72MVR 7RG",Gaming,17.3,1920,1080,0,"  Core i7 7700HQ  ",Intel,2.8,16,"512 ",1024,hybrid,Nvidia,"GTX 1070",windows,3,2415
821,Samsung,"Notebook 9",Ultrabook,13.3,1920,1080,0,"  Core i5 7200U  ",Intel,2.5,8,"256 ",0,SSD,Intel,"Graphics 620",windows,1,1499
822,Dell,"Vostro 5568",Notebook,15.6,1920,1080,0,"  Core i7 7500U  ",Intel,2.7,8,1024,0,HDD,Nvidia,"GT 940MX",windows,2,961
823,Dell,"Vostro 3568",Notebook,15.6,1920,1080,0,"  Core i5 7200U  ",Intel,2.5,8,"256 ",0,SSD,AMD,"R5 M420",windows,2,790
824,Lenovo,"Thinkpad T470s",Ultrabook,14,1920,1080,0,"  Core i7 7500U  ",Intel,2.7,8,"256 ",0,SSD,Intel,"Graphics 620",windows,1,1859
825,Razer,"Blade Stealth",Ultrabook,12.5,3840,2160,1,"  Core i7 7500U  ",Intel,2.5,16,"512 ",0,SSD,Intel,"Graphics 620",windows,1,1799
826,HP,"Chromebook 11",Netbook,11.6,1366,768,0,"  Celeron Dual Core N3060  ",Intel,1.6,4,"16 ",0,"flash storage",Intel,"Graphics 400",others,1,385
827,Dell,"Alienware 17",Gaming,17.3,1920,1080,0,"  Core i7 7700HQ  ",Intel,2.8,16,"128 ",1024,hybrid,Nvidia,"GTX 1060",windows,4,2505
828,Dell,"Latitude 3480",Notebook,14,1366,768,0,"  Core i5 6200U  ",Intel,2.3,4,"500 ",0,HDD,Intel,"Graphics 520",windows,2,755
829,Lenovo,"V110-15ISK (i3-6006U/4GB/500GB/W10)",Notebook,15.6,1366,768,0,"  Core i3 6006U  ",Intel,2,4,"500 ",0,HDD,Intel,"Graphics 520",windows,2,490
830,Toshiba,"Tecra X40-D-10Z",Ultrabook,14,1366,768,0,"  Core i5 7200U  ",Intel,2.5,4,"128 ",0,SSD,Intel,"Graphics 620",windows,1,1090
831,Lenovo,"Thinkpad X1",Ultrabook,14,1920,1080,0,"  Core i7 7500U  ",Intel,2.7,8,"512 ",0,SSD,Intel,"Graphics 620",windows,1,2499
832,MSI,"GL62M 7RD",Gaming,15.6,1920,1080,0,"  Core i5 7300HQ  ",Intel,2.5,8,"256 ",0,SSD,Nvidia,"GTX 1050",windows,2,1199
833,Lenovo,"ThinkPad X1",Ultrabook,14,1920,1080,0,"  Core i5 7200U  ",Intel,2.5,8,"256 ",0,"flash storage",Intel,"Graphics 620",windows,1,1875
834,Toshiba,"Satellite Pro",Notebook,14,1366,768,0,"  Pentium Dual Core 4405U  ",Intel,2.1,4,"128 ",0,SSD,Intel,"Graphics 510",windows,2,499
835,Asus,"ZenBook Flip","2 in 1 Convertible",13.3,1920,1080,1,"  Core i5 7200U  ",Intel,2.5,8,"256 ",0,SSD,Intel,"Graphics 620",windows,1,1358
836,Dell,"Latitude 3480",Notebook,14,1366,768,0,"  Core i3 6006U  ",Intel,2,4,"500 ",0,HDD,Intel,"Graphics 520",windows,2,585
837,Acer,"Chromebook 11",Netbook,11.6,1366,768,0,"  Celeron Dual Core N3060  ",Intel,1.6,4,"32 ",0,"flash storage",Intel,"Graphics 400",others,1,355
838,Acer,"Swift 3",Notebook,14,1920,1080,0,"  Core i3 7100U  ",Intel,2.4,8,"128 ",0,SSD,Intel,"Graphics 620",windows,2,619
839,Razer,"Blade Pro",Gaming,17.3,3840,2160,1,"  Core i7 7820HK  ",Intel,2.9,32,"512 ",0,SSD,Nvidia,"GTX 1080",windows,3,5499
840,Lenovo,"Thinkpad X1",Ultrabook,14,2560,1440,0,"  Core i7 6600U  ",Intel,2.6,16,"512 ",0,SSD,Intel,"Graphics 520",windows,1,2099
841,Asus,"VivoBook Max",Notebook,15.6,1920,1080,0,"  Core i5 7200U  ",Intel,2.5,4,1024,0,HDD,Nvidia,"GeForce 920",linux,2,519
842,Lenovo,"Thinkpad T460",Notebook,14,1920,1080,0,"  Core i5 6200U  ",Intel,2.3,8,"256 ",0,SSD,Intel,"Graphics 520",windows,2,1186
843,Lenovo,"ThinkPad T470s",Notebook,14,1920,1080,0,"  Core i5 7300U  ",Intel,2.6,8,"256 ",0,SSD,Intel,"Graphics 620",windows,1,1650
844,Dell,"Alienware 15",Gaming,15.6,1920,1080,0,"  Core i7 7700HQ  ",Intel,2.8,16,"256 ",1024,hybrid,Nvidia,"GTX 1070",windows,3,2775
845,Asus,"Rog GL702VS-BA023T",Gaming,17.3,1920,1080,0,"  Core i7 7700HQ  ",Intel,2.8,16,"256 ",1024,hybrid,Nvidia,"GTX 1070",windows,3,2419
846,Toshiba,"Satellite Pro",Notebook,15.6,1366,768,0,"  Core i3 7100U  ",Intel,2.4,4,"500 ",0,HDD,Intel,"Graphics 620",windows,2,669
847,Lenovo,"N42-20 Chromebook",Notebook,14,1366,768,0,"  Celeron Quad Core N3160  ",Intel,1.6,4,"16 ",0,"flash storage",Intel,"Graphics 400",others,2,325
848,Asus,"R558UA-DM966T (i5-7200U/8GB/128GB/FHD/W10)",Notebook,15.6,1920,1080,0,"  Core i5 7200U  ",Intel,2.5,8,"128 ",0,HDD,Intel,"Graphics 620",windows,2,590
849,Asus,"Rog GL702VM-GC017T",Gaming,17.3,1920,1080,0,"  Core i7 6700HQ  ",Intel,2.6,16,"512 ",1024,hybrid,Nvidia,"GTX 1060",windows,3,1799
851,Dell,"Alienware 17",Gaming,17.3,1920,1080,0,"  Core i7 7700HQ  ",Intel,2.8,32,"512 ",1024,hybrid,Nvidia,"GTX 1070",windows,4,3073
852,HP,"ProBook 470",Notebook,17.3,1600,900,0,"  Core i5 7200U  ",Intel,2.5,8,1024,0,HDD,Nvidia,"GeForce 930MX",windows,3,910
853,Dell,"Vostro 3568",Notebook,15.6,1366,768,0,"  Core i5 7200U  ",Intel,2.5,8,"128 ",0,SSD,Intel,"Graphics 620",windows,2,714
854,HP,"EliteBook 840",Ultrabook,14,1920,1080,0,"  Core i7 6500U  ",Intel,2.5,8,"512 ",0,SSD,Intel,"Graphics 520",windows,2,1870
855,Dell,"Vostro 3568",Notebook,15.6,1920,1080,0,"  Core i7 7500U  ",Intel,2.7,4,"256 ",0,SSD,AMD,"R5 M420",windows,2,739
856,HP,"Chromebook X360","2 in 1 Convertible",11.6,1366,768,1,"  Celeron Dual Core N3350  ",Intel,1.1,4,"32 ",0,"flash storage",Intel,"Graphics 500",others,1,615
857,Asus,"ZenBook UX310UQ-GL026T",Ultrabook,13.3,1920,1080,0,"  Core i5 6200U  ",Intel,2.3,8,"512 ",0,SSD,Nvidia,"GeForce 940M",windows,1,1026
858,HP,"EliteBook x360","2 in 1 Convertible",13.3,1920,1080,1,"  Core i5 7200U  ",Intel,2.5,8,"256 ",0,SSD,Intel,"Graphics 620",windows,1,2277
859,HP,"EliteBook 840",Ultrabook,14,1920,1080,0,"  Core i7 6500U  ",Intel,2.5,8,"512 ",0,SSD,Intel,"Graphics 520",windows,2,1468
860,HP,"250 G6",Notebook,15.6,1366,768,0,"  Celeron Dual Core N3060  ",Intel,1.6,4,"128 ",0,SSD,Intel,"Graphics 400",N/A,2,299
862,Asus,"Rog GL502VM-DS74",Gaming,15.6,1920,1080,0,"  Core i7 7700HQ  ",Intel,2.8,16,"128 ",1024,hybrid,Nvidia,"GTX 1060",windows,2,1899
863,Dell,"Inspiron 5767",Notebook,17.3,1920,1080,0,"  Core i7 7500U  ",Intel,2.7,8,1024,0,HDD,AMD,"R7 M445",linux,3,865
864,Lenovo,"ThinkPad T470p",Ultrabook,14,1920,1080,0,"  Core i7 7700HQ  ",Intel,2.8,8,"256 ",0,SSD,Nvidia,"GT 940MX",windows,2,1903
865,Asus,"K556UR-DM621T (i7-7500U/8GB/256GB/GeForce",Notebook,15.6,1920,1080,0,"  Core i7 7500U  ",Intel,2.7,8,"256 ",0,SSD,Nvidia,"GTX 930MX",windows,2,787
866,Dell,"Latitude 5580",Notebook,15.6,1920,1080,0,"  Core i5 7200U  ",Intel,2.5,8,"128 ",0,SSD,Intel,"Graphics 620",windows,2,945
867,Asus,"X541NA (N4200/4GB/1TB/W10)",Notebook,15.6,1366,768,0,"  Pentium Quad Core N4200  ",Intel,1.1,4,1024,0,HDD,Intel,"Graphics 505",windows,2,449
868,HP,"EliteBook x360","2 in 1 Convertible",13.3,1920,1080,1,"  Core i7 7600U  ",Intel,2.8,8,"256 ",0,SSD,Intel,"Graphics 620",windows,1,2559
869,Dell,"Inspiron 5368",Notebook,13.3,1920,1080,1,"  Core i5 6200U  ",Intel,2.3,8,1024,0,HDD,Intel,"Graphics 520",windows,2,649
870,Lenovo,"IdeaPad 110-15ISK",Notebook,15.6,1920,1080,0,"  Core i3 6006U  ",Intel,2,4,1024,0,HDD,Intel,"Graphics 520",N/A,2,469
871,Lenovo,"ThinkPad E570",Notebook,15.6,1920,1080,0,"  Core i5 7200U  ",Intel,2.5,8,1024,0,HDD,Intel,"Graphics 620",windows,2,851
872,HP,"EliteBook 850",Notebook,15.6,1920,1080,0,"  Core i5 7300U  ",Intel,2.6,8,"256 ",0,SSD,AMD,"R7 M465",windows,2,1349
873,Toshiba,"Portege X30-D-10X",Notebook,13.3,1920,1080,0,"  Core i5 7200U  ",Intel,2.5,4,"128 ",0,SSD,Intel,"Graphics 620",windows,1,1285
874,Lenovo,"Legion Y520-15IKBN",Gaming,15.6,1920,1080,0,"  Core i5 7300HQ  ",Intel,2.5,8,1024,0,HDD,Nvidia,"GTX 1050",N/A,2,1017
875,Dell,"XPS 13",Ultrabook,13.3,3200,1800,1,"  Core i7 7660U  ",Intel,2.5,16,"512 ",0,SSD,Intel,"Graphics 640",windows,1,2240
876,HP,"Probook 450",Notebook,15.6,1920,1080,0,"  Core i5 6200U  ",Intel,2.3,4,"500 ",0,HDD,Intel,"Graphics 520",windows,2,910
877,Toshiba,"Portégé Z30-C-188",Ultrabook,13.3,1366,768,0,"  Core i5 6200U  ",Intel,2.3,8,"256 ",0,SSD,Intel,"Graphics 520",windows,1,1095
878,Lenovo,"ThinkPad Yoga","2 in 1 Convertible",13.3,1920,1080,1,"  Core i7 7500U  ",Intel,2.7,8,"256 ",0,SSD,Intel,"Graphics 620",windows,1,1950
879,Acer,"TMX349-G2-M-50FS (i5-7200U/8GB/256GB/FHD/W10)",Notebook,14,1920,1080,0,"  Core i5 7200U  ",Intel,2.5,8,"256 ",0,SSD,Intel,"Graphics 620",windows,2,902
880,Dell,"Precision 3520",Workstation,15.6,1920,1080,0,"  Core i7 7700HQ  ",Intel,2.8,8,1024,0,HDD,Nvidia,"Quadro M620",windows,2,1778
881,Lenovo,"ThinkPad L570",Notebook,15.6,1366,768,0,"  Core i5 7200U  ",Intel,2.5,4,"500 ",0,HDD,Intel,"Graphics 620",windows,2,1055
882,Lenovo,"IdeaPad 110-15ISK",Notebook,15.6,1920,1080,0,"  Core i3 6006U  ",Intel,2,4,1024,0,HDD,AMD,"R5 M430",N/A,2,479
883,Toshiba,"Tecra A50-D-11D",Notebook,15.6,1920,1080,0,"  Core i7 7500U  ",Intel,2.7,8,"256 ",0,SSD,Intel,"Graphics 620",windows,2,1388
884,Lenovo,"Thinkpad 13",Notebook,13.3,1920,1080,0,"  Core i3 7100U  ",Intel,2.4,4,"180 ",0,SSD,Intel,"Graphics 620",windows,1,735
885,Samsung,"Notebook 9",Ultrabook,15,1920,1080,0,"  Core i7 7500U  ",Intel,2.7,16,"256 ",0,SSD,Nvidia,"GeForce 940MX",windows,1,1849
886,Dell,"Latitude 7280",Ultrabook,12.5,1920,1080,0,"  Core i7 7600U  ",Intel,2.8,8,"256 ",0,SSD,Intel,"Graphics 620",windows,2,1690
887,Asus,"X541NA-GO121 (N4200/4GB/1TB/Linux)",Notebook,15.6,1366,768,0,"  Pentium Quad Core N4200  ",Intel,1.1,4,1024,0,HDD,Intel,"Graphics 505",linux,2,399
888,Xiaomi,"Mi Notebook",Ultrabook,13.3,1920,1080,0,"  Core i5 6200U  ",Intel,2.3,8,"256 ",0,SSD,Nvidia,"GeForce 940MX",windows,1,935
889,Dell,"Vostro 5568",Notebook,15.6,1920,1080,0,"  Core i5 7200U  ",Intel,2.5,4,"128 ",1024,hybrid,Nvidia,"GeForce 940MX",windows,2,912
890,HP,"ProBook 450",Notebook,15.6,1920,1080,0,"  Core i5 7200U  ",Intel,2.5,4,"256 ",0,SSD,Intel,"Graphics 620",windows,2,839
891,HP,"EliteBook x360","2 in 1 Convertible",13.3,1920,1080,1,"  Core i5 7200U  ",Intel,2.5,4,"256 ",0,SSD,Intel,"Graphics 620",windows,1,1700
892,HP,"Pavilion x360","2 in 1 Convertible",15.6,1366,768,1,"  Core i5 7200U  ",Intel,2.5,4,"500 ",0,HDD,Intel,"Graphics 620",windows,2,685
893,Asus,"VivoBook L402NA",Notebook,14.1,1366,768,0,"  Celeron Dual Core N3350  ",Intel,1.1,4,"32 ",0,"flash storage",Intel,"Graphics 500",windows,2,348
894,Lenovo,"IdeaPad 510-15ISK",Notebook,15.6,1920,1080,0,"  Core i7 6500U  ",Intel,2.5,8,1024,0,HDD,Nvidia,"GeForce 940MX",windows,2,669
895,Dell,"Inspiron 3552",Notebook,15.6,1366,768,0,"  Pentium Quad Core N3710  ",Intel,1.6,4,"500 ",0,HDD,Intel,"HD Graphics",windows,2,369
896,HP,"EliteBook x360","2 in 1 Convertible",13.3,1920,1080,1,"  Core i5 7200U  ",Intel,2.5,4,"256 ",0,SSD,Intel,"Graphics 620",windows,1,1799
897,Dell,"Vostro 3568",Notebook,15.6,1366,768,0,"  Core i3 6006U  ",Intel,2,4,1024,0,HDD,AMD,"R5 M420X",linux,2,456
898,Asus,"Rog GL753VD-GC082T",Gaming,17.3,1920,1080,0,"  Core i5 7300HQ  ",Intel,2.5,12,"128 ",1024,hybrid,Nvidia,"GTX 1050",windows,2,1370
899,Acer,"Chromebook C731-C78G",Netbook,11.6,1366,768,0,"  Celeron Dual Core N3060  ",Intel,1.6,4,"32 ",0,"flash storage",Intel,"Graphics 400",others,1,297
900,Lenovo,"IdeaPad 110-17ACL",Notebook,17.3,1600,900,0,"  A4-Series 7210  ",AMD,2.2,4,"500 ",0,HDD,AMD,"Radeon R3",windows,3,379
901,HP,"Probook 640",Notebook,14,1920,1080,0,"  Core i5 7200U  ",Intel,2.5,4,"128 ",0,SSD,Intel,"Graphics 620",windows,2,1265
902,HP,"Envy x360","2 in 1 Convertible",13.3,3200,1800,1,"  Core i7 7500U  ",Intel,2.7,16,"256 ",0,SSD,Intel,"Graphics 620",windows,1,1399
903,Samsung,"Notebook 9",Ultrabook,15,1920,1080,0,"  Core i7 7500U  ",Intel,2.7,8,"256 ",0,SSD,Intel,"Graphics 620",windows,1,1699
904,Lenovo,"ThinkPad T470s",Ultrabook,14,1920,1080,0,"  Core i5 7200U  ",Intel,2.5,8,"256 ",0,SSD,Intel,"Graphics 620",windows,1,1799
905,MSI,"GS73VR Stealth",Gaming,17.3,3840,2160,0,"  Core i7 6700HQ  ",Intel,2.6,16,"512 ",2048,hybrid,Nvidia,"GTX 1060",windows,2,2649
906,Toshiba,"Portege X30-D-10V",Notebook,13.3,1920,1080,0,"  Core i5 7200U  ",Intel,2.5,8,"256 ",0,SSD,Intel,"Graphics 620",windows,1,1475
908,Dell,"Inspiron 7567",Gaming,15.6,1920,1080,0,"  Core i7 7700HQ  ",Intel,2.8,8,1024,0,HDD,Nvidia,"GTX 1050Ti",linux,3,929
909,HP,"ProBook 450",Notebook,15.6,1920,1080,0,"  Core i7 7500U  ",Intel,2.7,8,1024,0,HDD,Nvidia,"GeForce 930MX",windows,2,900
910,Dell,"Vostro 3568",Notebook,15.6,1366,768,0,"  Core i3 6006U  ",Intel,2,4,1024,0,HDD,AMD,"R5 M420X",windows,2,614
911,Dell,"Latitude 5580",Notebook,15.6,1920,1080,0,"  Core i5 7300U  ",Intel,2.6,8,"500 ",0,HDD,Intel,"Graphics 620",windows,2,935
912,Dell,"XPS 13","2 in 1 Convertible",13.3,3200,1800,1,"  Core i7 7Y75  ",Intel,1.3,8,"512 ",0,SSD,Intel,"Graphics 615",windows,1,2013
913,Asus,"G701VO-IH74K (i7-6820HK/32GB/2x",Gaming,17.3,1920,1080,0,"  Core i7 6820HK  ",Intel,2.7,32,"256 ",0,SSD,Nvidia,"GTX 980M",windows,4,1279
914,Dell,"XPS 13","2 in 1 Convertible",13.3,1920,1080,1,"  Core i7 7Y75  ",Intel,1.3,16,"256 ",0,SSD,Intel,"Graphics 615",windows,1,1649
915,Lenovo,"ThinkPad X1",Ultrabook,14,1920,1080,0,"  Core i7 7500U  ",Intel,2.7,8,"256 ",0,"flash storage",Intel,"Graphics 620",windows,1,2049
916,Lenovo,"ThinkPad T570",Notebook,15.6,1920,1080,0,"  Core i5 7200U  ",Intel,2.5,8,"512 ",0,SSD,Intel,"Graphics 620",windows,2,1963
917,LG,"Gram 15Z970",Ultrabook,15.6,1920,1080,1,"  Core i7 7500U  ",Intel,2.7,16,"512 ",0,SSD,Intel,"Graphics 620",windows,1,2099
918,HP,"Elitebook 820",Netbook,12.5,1920,1080,0,"  Core i7 7500U  ",Intel,2.7,8,"512 ",0,SSD,Intel,"Graphics 620",windows,1,1483
919,Acer,"Chromebook CB5-571-C1DZ",Notebook,15.6,1920,1080,0,"  Celeron Dual Core 3205U  ",Intel,1.5,4,"16 ",0,"flash storage",Intel,"HD Graphics",others,2,359
920,Lenovo,"IdeaPad Y700-15ISK",Notebook,15.6,1920,1080,0,"  Core i5 6300HQ  ",Intel,2.3,8,"128 ",1024,hybrid,Nvidia,"GTX 960M",windows,3,789
922,LG,"Gram 14Z970",Ultrabook,14,1920,1080,1,"  Core i7 7500U  ",Intel,2.7,8,"512 ",0,SSD,Intel,"Graphics 620",windows,1,1899
923,Dell,"Latitude 5480",Notebook,14,1920,1080,0,"  Core i5 7440HQ  ",Intel,2.8,8,"256 ",0,SSD,Intel,"Graphics 620",windows,2,1205
924,HP,"Elitebook Folio",Ultrabook,12.5,3840,2160,1,"  Core M 6Y75  ",Intel,1.2,8,"240 ",0,SSD,Intel,"Graphics 515",windows,1,3100
925,Lenovo,"IdeaPad 510-15IKB",Notebook,15.6,1920,1080,0,"  Core i7 7500U  ",Intel,2.7,6,"256 ",0,SSD,Nvidia,"GeForce 940MX",windows,2,789
926,HP,"ProBook 450",Notebook,15.6,1920,1080,0,"  Core i7 7500U  ",Intel,2.7,8,"256 ",0,SSD,Nvidia,"GeForce 930MX",windows,2,1019
927,Acer,"Aspire E5-575",Notebook,15.6,1920,1080,0,"  Core i3 7100U  ",Intel,2.4,4,1024,0,HDD,Intel,"Graphics 620",windows,2,499
928,Lenovo,"ThinkPad 13",Notebook,13.3,1920,1080,0,"  Core i5 7200U  ",Intel,2.5,4,"128 ",0,SSD,Intel,"Graphics 620",windows,1,881
930,HP,"Probook 430",Notebook,13.3,1920,1080,0,"  Core i5 7200U  ",Intel,2.5,8,"256 ",0,SSD,Intel,"Graphics 620",windows,1,960
931,MSI,"GE72VR 6RF",Gaming,17.3,1920,1080,0,"  Core i7 7700HQ  ",Intel,2.8,16,"256 ",1024,hybrid,Nvidia,"1050 Ti",windows,3,1599
932,Dell,"Inspiron 7567",Gaming,15.6,1920,1080,0,"  Core i7 7700HQ  ",Intel,2.8,16,"128 ",1024,hybrid,Nvidia,"1050 Ti",windows,3,1349
933,MSI,"GL62M 7RD",Gaming,15.6,1920,1080,0,"  Core i5 7300HQ  ",Intel,2.5,8,"128 ",1024,hybrid,Nvidia,"GTX 1050",windows,2,1120
934,Dell,"Vostro 3568",Notebook,15.6,1366,768,0,"  Core i5 7200U  ",Intel,2.5,4,1024,0,HDD,AMD,"R5 M420",windows,2,685
935,HP,"EliteBook 850",Ultrabook,15.6,1920,1080,0,"  Core i7 6500U  ",Intel,2.5,8,"256 ",0,SSD,AMD,"R7 M365X",windows,2,1297
936,HP,"Envy 13-AB077cl",Ultrabook,13.3,3200,1800,1,"  Core i7 7500U  ",Intel,2.7,8,"256 ",0,SSD,Intel,"Graphics 620",windows,1,1149
937,Toshiba,"Tecra Z50-C-140",Notebook,15.6,1920,1080,0,"  Core i7 6600U  ",Intel,2.6,16,"256 ",0,SSD,Nvidia,"GeForce 930M",windows,2,1975
938,Lenovo,"ThinkPad Yoga","2 in 1 Convertible",13.3,1920,1080,1,"  Core i5 7200U  ",Intel,2.5,8,"512 ",0,SSD,Intel,"Graphics 620",windows,1,1825
939,Dell,"Latitude 3580",Notebook,15.6,1366,768,0,"  Core i5 6200U  ",Intel,2.3,4,"500 ",0,HDD,Intel,"Graphics 520",windows,2,730
940,Lenovo,"Thinkpad X270",Ultrabook,12.5,1920,1080,0,"  Core i7 7500U  ",Intel,2.7,8,"256 ",0,SSD,Intel,"Graphics 620",windows,1,1650
941,HP,"Probook 650",Notebook,15.6,1920,1080,0,"  Core i5 6200U  ",Intel,2.3,8,"256 ",0,SSD,Intel,"Graphics 520",windows,2,1165
942,Dell,"Vostro 3568",Notebook,15.6,1366,768,0,"  Core i5 7200U  ",Intel,2.5,4,1024,0,HDD,Intel,"Graphics 620",windows,2,708
943,HP,"ProBook 640",Notebook,14,1366,768,0,"  Core i5 6200U  ",Intel,2.3,4,"500 ",0,HDD,Intel,"Graphics 520",windows,2,1149
944,Lenovo,"IdeaPad 320-15IAP",Notebook,15.6,1366,768,0,"  Pentium Quad Core N4200  ",Intel,1.1,4,1024,0,HDD,Intel,"Graphics 505",windows,2,309
945,HP,"EliteBook 820",Ultrabook,12.5,1920,1080,0,"  Core i5 6200U  ",Intel,2.3,4,"500 ",0,HDD,Intel,"Graphics 520",windows,1,1579
946,HP,"250 G6",Notebook,15.6,1366,768,0,"  Celeron Dual Core N3060  ",Intel,1.6,4,1024,0,HDD,Intel,"Graphics 400",N/A,2,289
947,Lenovo,"Yoga 900-13ISK","2 in 1 Convertible",13.3,3200,1800,1,"  Core i7 6560U  ",Intel,2.2,16,1024,0,SSD,Intel,"Graphics 540",windows,1,1799
948,Toshiba,"Tecra Z40-C-12X",Notebook,14,1920,1080,0,"  Core i5 6200U  ",Intel,2.3,4,"128 ",0,SSD,Intel,"Graphics 520",windows,1,1105
949,HP,"EliteBook 820",Netbook,12.5,1920,1080,0,"  Core i5 6200U  ",Intel,2.3,8,"256 ",0,SSD,Intel,"Graphics 520",windows,1,1669
950,Dell,"Vostro 3568",Notebook,15.6,1366,768,0,"  Core i3 6006U  ",Intel,2,4,1024,0,HDD,Intel,"Graphics 520",windows,2,559
951,MSI,"GP62M Leopard",Gaming,15.6,1920,1080,0,"  Core i7 7700HQ  ",Intel,2.8,8,"128 ",1024,hybrid,Nvidia,"GTX 1050",windows,2,1199
952,Dell,"Latitude 7480",Ultrabook,14,1920,1080,0,"  Core i5 7200U  ",Intel,2.5,8,"256 ",0,SSD,Intel,"Graphics 620",windows,1,1639
953,Dell,"Alienware 17",Gaming,17.3,2560,1440,0,"  Core i7 6820HK  ",Intel,2.7,16,"512 ",1024,hybrid,Nvidia,"GTX 1080",windows,4,2758
954,HP,"Omen 17-W006na",Gaming,17.3,1920,1080,0,"  Core i5 6300HQ  ",Intel,2.3,8,"128 ",1024,hybrid,Nvidia,"GTX 965M",windows,3,1399
955,Asus,"X751SV-TY001T (N3710/4GB/1TB/GeForce",Notebook,17.3,1600,900,0,"  Pentium Quad Core N3710  ",Intel,1.6,4,1024,0,HDD,Nvidia,"GeForce 920MX",windows,3,530
956,Acer,"TravelMate P259-G2",Notebook,15.6,1366,768,0,"  Core i5 7200U  ",Intel,2.5,4,"500 ",0,HDD,Intel,"Graphics 620",windows,2,619
957,Toshiba,"Tecra A50-C-1ZV",Notebook,15.6,1366,768,0,"  Core i5 6200U  ",Intel,2.3,8,"256 ",0,SSD,Intel,"Graphics 520",windows,2,1119
958,Lenovo,"Yoga 700-11ISK","2 in 1 Convertible",11.3,1920,1080,1,"  Core M m7-6Y75  ",Intel,1.2,8,"256 ",0,SSD,Intel,"Graphics 515",windows,1,1299
959,Lenovo,"IdeaPad Y700-15ACZ",Gaming,15.6,1920,1080,0,"  FX 8800P  ",AMD,2.1,16,"512 ",1024,hybrid,AMD,"R9 M385",windows,2,999
960,Dell,"Latitude 7280",Ultrabook,12.5,1920,1080,1,"  Core i5 7200U  ",Intel,2.5,8,"256 ",0,SSD,Intel,"HD Graphics",windows,1,1472
961,Lenovo,"IdeaPad 310-15IKB",Notebook,15.6,1920,1080,0,"  Core i7 7500U  ",Intel,2.7,8,1024,0,HDD,Nvidia,"GeForce 920MX",N/A,2,685
962,Dell,"Insprion 5767",Notebook,17.3,1600,900,0,"  Core i3 6006U  ",Intel,2,4,1024,0,HDD,AMD,"R7 M445",windows,2,659
963,Acer,"Chromebook 14",Notebook,14,1366,768,0,"  Celeron Dual Core N3060  ",Intel,1.6,4,"32 ",0,"flash storage",Intel,"Graphics 400",others,2,349
964,HP,"ZBook Studio",Workstation,15.6,1920,1080,0,"  Core i7 6820HQ  ",Intel,2.7,8,"8 ",0,SSD,Nvidia,"Quadro M1000M",windows,2,2249
965,Dell,"Latitude 7480",Ultrabook,14,1920,1080,0,"  Core i7 7600U  ",Intel,2.8,8,"256 ",0,SSD,Intel,"Graphics 620",windows,1,1775
966,Toshiba,"Portege Z30-C-1CW",Notebook,13.3,1920,1080,0,"  Core i5 6200U  ",Intel,2.3,8,"256 ",0,SSD,Intel,"Graphics 520",windows,1,1460
967,Asus,"Chromebook Flip","2 in 1 Convertible",12.5,1920,1080,0,"  Core M M7-6Y75  ",Intel,1.2,8,"64 ",0,"flash storage",Intel,"Graphics 515",others,1,1159
968,Lenovo,"Thinkpad T460",Ultrabook,14,1920,1080,0,"  Core i7 6600U  ",Intel,2.6,8,"256 ",0,SSD,Intel,"Graphics 520",windows,2,1489
969,Dell,"Alienware 17",Gaming,17.3,3840,2160,0,"  Core i7 7700HQ  ",Intel,2.8,16,"512 ",1024,hybrid,Nvidia,"GTX 1070",windows,4,3154
970,Dell,"XPS 13","2 in 1 Convertible",13.3,1920,1080,1,"  Core i5 7Y54  ",Intel,1.2,8,"256 ",0,SSD,Intel,"Graphics 615",windows,1,1899
971,HP,"ProBook x360","2 in 1 Convertible",11.6,1366,768,1,"  Pentium Quad Core N4200  ",Intel,1.1,4,"256 ",0,SSD,Intel,"Graphics 505",windows,1,775
972,Dell,"XPS 13",Ultrabook,13.3,3200,1800,0,"  Core i7 6500U  ",Intel,2.5,8,"256 ",0,SSD,Intel,"Graphics 520",windows,1,1268
973,Acer,"Chromebook C738T-C2EJ","2 in 1 Convertible",11.6,1366,768,1,"  Celeron Dual Core N3060  ",Intel,1.6,4,"32 ",0,"flash storage",Intel,"Graphics 400",others,1,389
974,Toshiba,"Portege Z30-C-16Z",Notebook,13.3,1920,1080,0,"  Core i5 6300U  ",Intel,2.4,8,"256 ",0,SSD,Intel,"Graphics 520",windows,1,1535
975,Lenovo,"ThinkPad X270",Ultrabook,12.5,1920,1080,0,"  Core i5 7300U  ",Intel,2.6,8,"256 ",0,SSD,Intel,"Graphics 620",windows,1,1760
976,Acer,"Aspire F5-573G-510L",Notebook,15.6,1920,1080,0,"  Core i5 7200U  ",Intel,2.5,12,"128 ",1024,hybrid,Nvidia,"GTX 950M",windows,2,1009
977,Toshiba,"Portege X20W-D-10V",Ultrabook,12.5,1920,1080,1,"  Core i7 7500U  ",Intel,2.7,8,"512 ",0,SSD,Intel,"Graphics 620",windows,1,1790
978,HP,"ProBook 450",Notebook,15.6,1366,768,0,"  Core i5 7200U  ",Intel,2.5,8,1024,0,HDD,Nvidia,"GeForce 930MX",windows,2,846
979,Dell,"Inspiron 3567",Notebook,15.6,1366,768,0,"  Core i3 6006U  ",Intel,2,4,1024,0,HDD,AMD,"R5 M430",linux,2,466
980,Dell,"Latitude 5580",Notebook,15.6,1366,768,0,"  Core i5 7200U  ",Intel,2.5,4,"500 ",0,HDD,Intel,"Graphics 620",windows,2,825
981,HP,"ProBook 450",Notebook,15.6,1920,1080,0,"  Core i3 7100U  ",Intel,2.4,4,"500 ",0,HDD,Intel,"Graphics 620",windows,2,685
982,Dell,"Alienware 17",Gaming,17.3,1920,1080,0,"  Core i7 7700HQ  ",Intel,2.8,32,"256 ",1024,hybrid,Nvidia,"GTX 1070",windows,4,3149
983,Lenovo,"IdeaPad 310-15IKB",Notebook,15.6,1920,1080,0,"  Core i5 7200U  ",Intel,2.5,6,"256 ",0,SSD,Nvidia,"GeForce 920MX",windows,2,695
984,Dell,"XPS 13","2 in 1 Convertible",13.3,3200,1800,1,"  Core i7 7Y75  ",Intel,1.3,16,"512 ",0,SSD,Intel,"Graphics 615",windows,1,1899
985,Dell,"Latitude E7470",Ultrabook,14,2560,1440,1,"  Core i7 6600U  ",Intel,2.6,8,"256 ",0,SSD,Intel,"Graphics 520",windows,2,1963
986,Dell,"Alienware 17",Gaming,17.3,1920,1080,0,"  Core i7 6700HQ  ",Intel,2.6,32,"256 ",1024,hybrid,Nvidia,"GTX 1070",windows,4,2800
987,Toshiba,"Tecra A40-C-1DF",Notebook,14,1920,1080,0,"  Core i5 6200U  ",Intel,2.3,8,"256 ",0,SSD,Intel,"Graphics 520",windows,2,1180
988,Asus,"Rog Strix",Gaming,17.3,1920,1080,0,"  Core i7 7700HQ  ",Intel,2.8,16,"256 ",1024,hybrid,Nvidia,"GTX 1060",windows,3,2050
989,HP,"Probook 450",Notebook,15.6,1920,1080,0,"  Core i5 7200U  ",Intel,2.7,8,"128 ",1024,hybrid,Nvidia,"GeForce 930MX",windows,2,979
990,Lenovo,"ThinkPad T460",Notebook,14,1366,768,0,"  Core i5 6200U  ",Intel,2.3,4,"508 ",0,other,Intel,"Graphics 520",windows,2,1002
991,Asus,"Q534UX-BHI7T19 (i7-7500U/16GB/2TB","2 in 1 Convertible",15.6,3840,2160,1,"  Core i7 7500U  ",Intel,2.7,16,"512 ",2048,hybrid,Nvidia,"GTX 950M",windows,2,1799
992,HP,"15-bs053od (i7-7500U/6GB/1TB/W10)",Notebook,15.6,1366,768,0,"  Core i7 7500U  ",Intel,2.7,6,1024,0,HDD,Intel,"Graphics 620",windows,2,579
993,Asus,"Rog GL753VE-DS74",Gaming,17.3,1920,1080,0,"  Core i7 7700HQ  ",Intel,2.8,16,"256 ",1024,hybrid,Nvidia,"1050 Ti",windows,3,1749
994,Dell,"Inspiron 7579","2 in 1 Convertible",15.6,1920,1080,1,"  Core i7 7500U  ",Intel,2.7,12,"512 ",0,SSD,Intel,"Graphics 620",windows,2,1299
995,Toshiba,"Portege Z30-C-1CV",Notebook,13.3,1920,1080,0,"  Core i5 6200U  ",Intel,2.3,4,"128 ",0,SSD,Intel,"Graphics 520",windows,1,1195
996,Lenovo,"IdeaPad 320-15ABR",Notebook,15.6,1920,1080,0,"  A12-Series 9720P  ",AMD,3.6,6,"256 ",0,SSD,AMD,"Radeon 530",windows,2,549
997,Fujitsu,"LifeBook A556",Notebook,15.6,1366,768,0,"  Core i5 6200U  ",Intel,2.3,4,"256 ",0,SSD,Intel,"Graphics 520",windows,2,649
998,Toshiba,"Tecra A40-C-1KF",Notebook,14,1366,768,0,"  Core i5 6200U  ",Intel,2.3,4,"500 ",0,HDD,Intel,"Graphics 520",windows,2,915
999,Dell,"Inspiron 3567",Notebook,15.6,1366,768,0,"  Core i5 7200U  ",Intel,2.5,4,"500 ",0,HDD,AMD,"R5 M430",windows,2,599
1000,HP,"Probook 450",Notebook,15.6,1920,1080,0,"  Core i5 7200U  ",Intel,2.5,8,1024,0,HDD,Intel,"Graphics 620",windows,2,806
1001,Lenovo,"Legion Y520-15IKBN",Gaming,15.6,1920,1080,0,"  Core i7 7700HQ  ",Intel,2.8,8,"128 ",1024,hybrid,Nvidia,"GTX 1060",windows,2,1189
1002,Dell,"Inspiron 5567",Notebook,15.6,1366,768,0,"  Core i7 7500U  ",Intel,2.7,8,1024,0,HDD,AMD,"R7 M445",windows,2,749
1003,Dell,"Latitude 5480",Notebook,14,1920,1080,0,"  Core i5 7200U  ",Intel,2.5,8,"128 ",0,SSD,Intel,"620 ",windows,2,1119
1004,HP,"EliteBook Folio",Netbook,12.5,1920,1080,0,"  Core M 6Y75  ",Intel,1.2,8,"512 ",0,SSD,Intel,"Graphics 515",windows,1,1908
1005,HP,"15-bs005nv (i3-6006U/4GB/1TB",Notebook,15.6,1920,1080,0,"  Core i3 6006U  ",Intel,2,4,"128 ",1024,hybrid,AMD,"Radeon 520",windows,2,499
1006,Lenovo,"V110-15IAP (N3350/4GB/128GB/No",Notebook,15.6,1366,768,0,"  Celeron Dual Core N3350  ",Intel,1.1,4,"128 ",0,SSD,Intel,"Graphics 500",N/A,2,271
1007,Lenovo,"ThinkPad T560",Notebook,15.6,1920,1080,0,"  Core i5 6200U  ",Intel,2.3,8,"256 ",0,SSD,Intel,"Graphics 520",windows,2,1349
1008,Dell,"Inspiron 5378","2 in 1 Convertible",13.3,1920,1080,1,"  Core i5 7200U  ",Intel,2.5,8,"256 ",0,SSD,Intel,"Graphics 620",windows,2,889
1009,Asus,"ZenBook UX310UA-FB485T",Notebook,13.3,3200,1800,0,"  Core i5 7200U  ",Intel,2.5,8,"256 ",0,SSD,Intel,"Graphics 620",windows,1,1150
1010,HP,"Spectre 13-V111dx",Ultrabook,13.3,1920,1080,1,"  Core i7 7500U  ",Intel,2.7,8,"256 ",0,SSD,Intel,"Graphics 620",windows,1,1349
1011,Acer,"Aspire ES1-533",Notebook,15.6,1366,768,0,"  Pentium Quad Core N4200  ",Intel,1.1,4,"500 ",0,HDD,Intel,"Graphics 505",windows,2,380
1012,Asus,"Rog GL553VE-DS74",Gaming,15.6,1920,1080,0,"  Core i7 7700HQ  ",Intel,2.8,16,"256 ",1024,hybrid,Nvidia,"1050 Ti",windows,2,1799
1013,HP,"EliteBook 840",Ultrabook,14,1920,1080,0,"  Core i7 7500U  ",Intel,2.7,8,"512 ",0,SSD,Intel,"Graphics 620",windows,1,2089
